Time [s];Bending-angle [radiant]
0.0;0.0
0.049499999732;0.0
0.099500000477;0.0
0.1494999975;0.0
0.19949999452;0.0
0.24950000644;0.0
0.29949998856;0.0
0.34950000048;0.0
0.3995000124;0.0
0.44949999452;0.0
0.49950000644;0.0
0.55000001192;0.0
0.60000002384;0.0
0.64999997616;0.0
0.69999998808;0.0
0.75;0.0
0.80000001192;0.0
0.85000002384;0.0
0.89999997616;0.0
0.94999998808;0.0
1.0;0.0
1.0499999523;0.0
1.1000000238;0.0
1.1499999762;0.0
1.2000000477;0.0
1.25;0.0
1.2999999523;0.0
1.3500000238;0.0
1.3999999762;0.0
1.4500000477;0.0
1.5;0.0
1.5499999523;0.0
1.6000000238;0.0
1.6499999762;0.0
1.7000000477;0.0
1.75;0.0
1.7999999523;0.0
1.8500000238;0.0
1.8999999762;0.0
1.9500000477;0.0
2.0;9.5262388531e-22
2.0499999523;0.00089249771554
2.0999999046;0.0017849954311
2.1500000954;0.002677493263
2.2000000477;0.0035699908622
2.25;0.0044624884613
2.2999999523;0.0053549865261
2.3499999046;0.0062474841252
2.4000000954;0.0071399817243
2.4500000477;0.0080324793234
2.4995000362;0.0089160520583
2.5494999886;0.0098085496575
2.5994999409;0.010701048188
2.6494998932;0.011593545787
2.6995000839;0.012486043386
2.7495000362;0.013378540985
2.7994999886;0.014271038584
2.8494999409;0.015163536184
2.8994998932;0.016056034714
2.9495000839;0.016948532313
2.9995000362;0.017841029912
3.0494999886;0.018733527511
3.0994999409;0.01962602511
3.1494998932;0.02051852271
3.1995000839;0.021411020309
3.2495000362;0.022303517908
3.2994999886;0.023196015507
3.3494999409;0.024088513106
3.3994998932;0.024981010705
3.4495000839;0.025873508304
3.4995000362;0.026766007766
3.5494999886;0.027658505365
3.5994999409;0.028551002964
3.6494998932;0.029443500564
3.6995000839;0.030335998163
3.7495000362;0.031228495762
3.7994999886;0.032120991498
3.8494999409;0.033013489097
3.8994998932;0.033905990422
3.9495000839;0.034798488021
3.9995000362;0.03569098562
4.0494999886;0.036583483219
4.0995001793;0.037475980818
4.1494998932;0.038368478417
4.1995000839;0.039260976017
4.2494997978;0.040153473616
4.2994999886;0.041045971215
4.3495001793;0.041938468814
4.3994998932;0.042830966413
4.4495000839;0.043723464012
4.4994997978;0.044615961611
4.5494999886;0.04550845921
4.5995001793;0.04640095681
4.6494998932;0.047293454409
4.6995000839;0.048185952008
4.7494997978;0.049078449607
4.7994999886;0.049970947206
4.8495001793;0.050863444805
4.8994998932;0.051755942404
4.9499998093;0.052657365799
5.0;0.053549863398
5.0500001907;0.054442360997
5.0999999046;0.055334858596
5.1500000954;0.056227356195
5.1999998093;0.057119853795
5.25;0.058012351394
5.3000001907;0.058904848993
5.3499999046;0.059797346592
5.4000000954;0.060689844191
5.4499998093;0.06158234179
5.5;0.062474839389
5.5500001907;0.063367336988
5.5999999046;0.064259834588
5.6500000954;0.065152332187
5.6999998093;0.066044829786
5.75;0.066937327385
5.8000001907;0.067829824984
5.8499999046;0.068722322583
5.9000000954;0.069614820182
5.9499998093;0.070507317781
6.0;0.071399815381
6.0500001907;0.07229231298
6.0999999046;0.073184810579
6.1500000954;0.074077308178
6.1999998093;0.074969805777
6.25;0.075862303376
6.3000001907;0.076754800975
6.3499999046;0.077647298574
6.4000000954;0.078539803624
6.4499998093;0.079432301223
6.5;0.080324798822
6.5500001907;0.081217296422
6.5999999046;0.082109794021
6.6500000954;0.08300229162
6.6999998093;0.083894789219
6.75;0.084787286818
6.8000001907;0.085679784417
6.8499999046;0.086572282016
6.9000000954;0.087464779615
6.9499998093;0.088357277215
7.0;0.089249774814
7.0500001907;0.090142272413
7.0999999046;0.091034770012
7.1500000954;0.091927267611
7.1999998093;0.09281976521
7.25;0.093712262809
7.3000001907;0.094604760408
7.3499999046;0.095497258008
7.4000000954;0.096389755607
7.4499998093;0.097282253206
7.5;0.098174750805
7.5500001907;0.099067248404
7.5999999046;0.099959746003
7.6500000954;0.1008522436
7.6999998093;0.1017447412
7.75;0.1026372388
7.8000001907;0.1035297364
7.8499999046;0.104422234
7.9000000954;0.1053147316
7.9499998093;0.1062072292
8.0;0.1070997268
8.0500001907;0.1079922244
8.1000003815;0.10888472199
8.1499996185;0.10977721959
8.1999998093;0.11066971719
8.25;0.11156221479
8.3000001907;0.11245471239
8.3500003815;0.11334720999
8.3999996185;0.11423970759
8.4499998093;0.11513220519
8.5;0.11602470279
8.5500001907;0.11691720039
8.6000003815;0.11780969799
8.6499996185;0.11870219558
8.6999998093;0.11959469318
8.75;0.12048719078
8.8000001907;0.12137968838
8.8500003815;0.12227218598
8.8999996185;0.12316468358
8.9499998093;0.12405718118
9.0;0.12494967878
9.0500001907;0.12584218383
9.1000003815;0.12673467398
9.1499996185;0.12762717903
9.1999998093;0.12851966918
9.25;0.12941217422
9.3000001907;0.13030466437
9.3500003815;0.13119716942
9.3999996185;0.13208965957
9.4495000839;0.13297323883
9.4995002747;0.13386572897
9.5495004654;0.13475823402
9.5994997025;0.13565072417
9.6494998932;0.13654322922
9.6995000839;0.13743571937
9.7495002747;0.13832822442
9.7995004654;0.13922071457
9.8494997025;0.14011321962
9.8994998932;0.14100570977
9.9495000839;0.14189821482
9.9995002747;0.14279070497
10.049500465;0.14368321002
10.099499702;0.14457570016
10.149499893;0.14546820521
10.199500084;0.14636069536
10.249500275;0.14725320041
10.299500465;0.14814569056
10.349499702;0.14903819561
10.399499893;0.14993068576
10.449500084;0.15082319081
10.499500275;0.15171569586
10.549500465;0.15260818601
10.599499702;0.15350069106
10.649499893;0.1543931812
10.699500084;0.15528568625
10.749500275;0.1561781764
10.799500465;0.15707068145
10.849499702;0.1579631716
10.899499893;0.15885567665
10.949500084;0.1597481668
10.999500275;0.16064067185
11.049500465;0.161533162
11.099499702;0.16242566705
11.149499893;0.1633181572
11.199500084;0.16421066225
11.249500275;0.16510315239
11.299500465;0.16599565744
11.349499702;0.16688814759
11.399499893;0.16778065264
11.449500084;0.16867314279
11.499500275;0.16956564784
11.549500465;0.17045813799
11.599499702;0.17135064304
11.649499893;0.17224313319
11.699500084;0.17313563824
11.749500275;0.17402812839
11.799500465;0.17492063344
11.849499702;0.17581312358
11.899499893;0.17670562863
11.949500084;0.17759811878
11.999500275;0.17849062383
12.049500465;0.17938311398
12.099499702;0.18027561903
12.149499893;0.18116810918
12.199500084;0.18206061423
12.249500275;0.18295310438
12.299500465;0.18384560943
12.349499702;0.18473809958
12.399499893;0.18563060462
12.449500084;0.18652309477
12.499500275;0.18741559982
12.549500465;0.18830808997
12.599499702;0.18920059502
12.649499893;0.19009308517
12.699500084;0.19098559022
12.749500275;0.19187808037
12.799500465;0.19277058542
12.849499702;0.19366307557
12.899499893;0.19455558062
12.949500084;0.19544807076
12.999500275;0.19634057581
13.049500465;0.19723306596
13.099499702;0.19812557101
13.149499893;0.19901806116
13.199500084;0.19991056621
13.249500275;0.20080305636
13.299500465;0.20169556141
13.349499702;0.20258806646
13.399499893;0.20348055661
13.449500084;0.20437306166
13.499500275;0.20526555181
13.549500465;0.20615805686
13.599499702;0.207050547
13.649499893;0.20794305205
13.699500084;0.2088355422
13.749500275;0.20972804725
13.799500465;0.2106205374
13.849499702;0.21151304245
13.899499893;0.2124055326
13.949500084;0.21329803765
13.999500275;0.2141905278
14.049500465;0.21508303285
14.099499702;0.21597552299
14.149499893;0.21686802804
14.199500084;0.21776051819
14.249500275;0.21865302324
14.299500465;0.21954551339
14.349499702;0.22043801844
14.399499893;0.22133050859
14.449500084;0.22222301364
14.499500275;0.22311550379
14.549500465;0.22400800884
14.599499702;0.22490049899
14.649499893;0.22579300404
14.699500084;0.22668549418
14.749500275;0.22757799923
14.799500465;0.22847048938
14.849499702;0.22936299443
14.899499893;0.23025548458
14.949500084;0.23114798963
14.999500275;0.23204047978
15.049500465;0.23293298483
15.099499702;0.23382547498
15.149499893;0.23471798003
15.199500084;0.23561047018
15.249500275;0.23650297523
15.299500465;0.23739546537
15.349499702;0.23828797042
15.399499893;0.23918046057
15.449500084;0.24007296562
15.499500275;0.24096545577
15.549500465;0.24185796082
15.599499702;0.24275045097
15.649499893;0.24364295602
15.699500084;0.24453544617
15.749500275;0.24542795122
15.799500465;0.24632044137
15.849499702;0.24721294641
15.899499893;0.24810543656
15.949500084;0.24899794161
15.999500275;0.24989043176
16.049499512;0.25078293681
16.099500656;0.25167542696
16.149499893;0.25256791711
16.19949913;0.25346043706
16.249500275;0.25435292721
16.299499512;0.25524541736
16.349500656;0.25613793731
16.399499893;0.25703042746
16.44949913;0.2579229176
16.499500275;0.25881540775
16.549499512;0.2597079277
16.599500656;0.26060041785
16.649499893;0.261492908
16.69949913;0.26238539815
16.749500275;0.2632779181
16.799499512;0.26417040825
16.849500656;0.2650628984
16.899499893;0.26595538855
16.94949913;0.2668479085
16.999500275;0.26774039865
17.049499512;0.26863288879
17.099500656;0.26952537894
17.149499893;0.27041789889
17.19949913;0.27131038904
17.249500275;0.27220287919
17.299499512;0.27309536934
17.349500656;0.27398788929
17.399499893;0.27488037944
17.44949913;0.27577286959
17.499500275;0.27666535974
17.549499512;0.27755787969
17.599500656;0.27845036983
17.649499893;0.27934285998
17.69949913;0.28023535013
17.749500275;0.28112787008
17.799499512;0.28202036023
17.849500656;0.28291285038
17.899499893;0.28380534053
17.94949913;0.28469786048
17.999500275;0.28559035063
18.049499512;0.28648284078
18.099500656;0.28737533092
18.149499893;0.28826785088
18.19949913;0.28916034102
18.249500275;0.29005283117
18.299499512;0.29094532132
18.349500656;0.29183784127
18.399499893;0.29273033142
18.44949913;0.29362282157
18.499500275;0.29451531172
18.549499512;0.29540783167
18.599500656;0.29630032182
18.649499893;0.29719281197
18.69949913;0.29808530211
18.749500275;0.29897782207
18.799499512;0.29987031221
18.849500656;0.30076280236
18.899499893;0.30165529251
18.94949913;0.30254781246
18.999500275;0.30344030261
19.049499512;0.30433279276
19.099500656;0.30522528291
19.149499893;0.30611780286
19.19949913;0.30701029301
19.249500275;0.30790278316
19.299499512;0.30879530311
19.349500656;0.30968779325
19.399999619;0.3105891943
19.450000763;0.31148171425
19.5;0.3123742044
19.549999237;0.31326669455
19.600000381;0.3141592145
19.649999619;0.31505170465
19.700000763;0.31594419479
19.75;0.31683668494
19.799999237;0.31772920489
19.850000381;0.31862169504
19.899999619;0.31951418519
19.950000763;0.32040667534
20.0;0.32129919529
20.049999237;0.32219168544
20.100000381;0.32308417559
20.149999619;0.32397666574
20.200000763;0.32486918569
20.25;0.32576167583
20.299999237;0.32665416598
20.350000381;0.32754665613
20.399999619;0.32843917608
20.450000763;0.32933166623
20.5;0.33022415638
20.549999237;0.33111664653
20.600000381;0.33200916648
20.649999619;0.33290165663
20.700000763;0.33379414678
20.75;0.33468663692
20.799999237;0.33557915688
20.850000381;0.33647164702
20.899999619;0.33736413717
20.950000763;0.33825662732
21.0;0.33914914727
21.049999237;0.34004163742
21.100000381;0.34093412757
21.149999619;0.34182661772
21.200000763;0.34271913767
21.25;0.34361162782
21.299999237;0.34450411797
21.350000381;0.34539660811
21.399999619;0.34628912807
21.450000763;0.34718161821
21.5;0.34807410836
21.549999237;0.34896659851
21.600000381;0.34985911846
21.649999619;0.35075160861
21.700000763;0.35164409876
21.75;0.35253658891
21.799999237;0.35342910886
21.850000381;0.35432159901
21.899999619;0.35521408916
21.950000763;0.3561065793
22.0;0.35699909925
22.049999237;0.3578915894
22.100000381;0.35878407955
22.149999619;0.3596765697
22.200000763;0.36056908965
22.25;0.3614615798
22.299999237;0.36235406995
22.350000381;0.3632465899
22.399999619;0.36413908005
22.450000763;0.3650315702
22.5;0.36592406034
22.549999237;0.3668165803
22.600000381;0.36770907044
22.649999619;0.36860156059
22.700000763;0.36949405074
22.75;0.37038657069
22.799999237;0.37127906084
22.850000381;0.37217155099
22.899999619;0.37306404114
22.950000763;0.37395656109
23.0;0.37484905124
23.049999237;0.37574154139
23.100000381;0.37663403153
23.149999619;0.37752655149
23.200000763;0.37841904163
23.25;0.37931153178
23.299999237;0.38020402193
23.350000381;0.38109654188
23.399999619;0.38198903203
23.450000763;0.38288152218
23.5;0.38377401233
23.549999237;0.38466653228
23.600000381;0.38555902243
23.649999619;0.38645151258
23.700000763;0.38734400272
23.75;0.38823652267
23.799999237;0.38912901282
23.850000381;0.39002150297
23.899999619;0.39091399312
23.950000763;0.39180651307
24.0;0.39269900322
24.049999237;0.39359149337
24.100000381;0.39448398352
24.149999619;0.39537650347
24.200000763;0.39626899362
24.25;0.39716148376
24.299999237;0.39805397391
24.350000381;0.39894649386
24.399999619;0.39983898401
24.450000763;0.40073147416
24.5;0.40162396431
24.549999237;0.40251648426
24.600000381;0.40340897441
24.649999619;0.40430146456
24.700000763;0.40519395471
24.75;0.40608647466
24.799999237;0.40697896481
24.850000381;0.40787145495
24.899999619;0.4087639451
24.950000763;0.40965646505
25.0;0.4105489552
25.049999237;0.41144144535
25.100000381;0.4123339355
25.149999619;0.41322645545
25.200000763;0.4141189456
25.25;0.41501143575
25.299999237;0.4159039557
25.350000381;0.41679644585
25.399999619;0.417688936
25.450000763;0.41858142614
25.5;0.41947394609
25.549999237;0.42036643624
25.600000381;0.42125892639
25.649999619;0.42215141654
25.700000763;0.42304393649
25.75;0.42393642664
25.799999237;0.42482891679
25.850000381;0.42572140694
25.899999619;0.42661392689
25.950000763;0.42750641704
26.0;0.42839890718
26.049999237;0.42929139733
26.100000381;0.43018391728
26.149999619;0.43107640743
26.200000763;0.43196889758
26.25;0.43286138773
26.299999237;0.43375390768
26.350000381;0.43464639783
26.399999619;0.43553888798
26.450000763;0.43643137813
26.5;0.43732389808
26.549999237;0.43821638823
26.600000381;0.43910887837
26.649999619;0.44000136852
26.700000763;0.44089388847
26.75;0.44178637862
26.799999237;0.44267886877
26.850000381;0.44357135892
26.899999619;0.44446387887
26.950000763;0.44535636902
27.0;0.44624885917
27.049999237;0.44714134932
27.100000381;0.44803386927
27.149999619;0.44892635942
27.200000763;0.44981884956
27.25;0.45071133971
27.299999237;0.45160385966
27.350000381;0.45249634981
27.399999619;0.45338883996
27.450000763;0.45428133011
27.5;0.45517385006
27.549999237;0.45606634021
27.600000381;0.45695883036
27.649999619;0.45785132051
27.700000763;0.45874384046
27.75;0.4596363306
27.799999237;0.46052882075
27.850000381;0.4614213109
27.899999619;0.46231383085
27.950000763;0.463206321
28.0;0.46409881115
28.049999237;0.4649913013
28.100000381;0.46588382125
28.149999619;0.4667763114
28.200000763;0.46766880155
28.25;0.4685613215
28.299999237;0.46945381165
28.350000381;0.47034630179
28.399999619;0.47123879194
28.450000763;0.47213131189
28.5;0.47302380204
28.549999237;0.47391629219
28.600000381;0.47480878234
28.649999619;0.47570130229
28.700000763;0.47659379244
28.75;0.47748628259
28.799999237;0.47837877274
28.850000381;0.47927129269
28.899999619;0.48016378284
28.950000763;0.48105627298
29.0;0.48194876313
29.049999237;0.48284128308
29.100000381;0.48373377323
29.149999619;0.48462626338
29.200000763;0.48551875353
29.25;0.48641127348
29.299999237;0.48730376363
29.350000381;0.48819625378
29.399999619;0.48908874393
29.450000763;0.48998126388
29.5;0.49087375402
29.549999237;0.49176624417
29.600000381;0.49265873432
29.649999619;0.49355125427
29.700000763;0.49444374442
29.75;0.49533623457
29.799999237;0.49622872472
29.850000381;0.49712124467
29.899999619;0.49801373482
29.950000763;0.49890622497
30.0;0.49979871511
30.049999237;0.50069123507
30.100000381;0.50158369541
30.149999619;0.50247621536
30.200000763;0.50336873531
30.25;0.50426119566
30.299999237;0.50515371561
30.350000381;0.50604623556
30.399999619;0.50693869591
30.450000763;0.50783121586
30.5;0.5087236762
30.549999237;0.50961619616
30.600000381;0.51050871611
30.649999619;0.51140117645
30.700000763;0.5122936964
30.75;0.51318621635
30.799999237;0.5140786767
30.850000381;0.51497119665
30.899999619;0.515863657
30.950000763;0.51675617695
31.0;0.5176486969
31.049999237;0.51854115725
31.100000381;0.5194336772
31.149999619;0.52032619715
31.200000763;0.52121865749
31.25;0.52211117744
31.299999237;0.5230036974
31.350000381;0.52389615774
31.399999619;0.52478867769
31.450000763;0.52568113804
31.5;0.52657365799
31.549999237;0.52746617794
31.600000381;0.52835863829
31.649999619;0.52925115824
31.700000763;0.53014367819
31.75;0.53103613853
31.799999237;0.53192865849
31.850000381;0.53282111883
31.899999619;0.53371363878
31.950000763;0.53460615873
32.0;0.53549861908
32.049999237;0.53639113903
32.099998474;0.53728365898
32.150001526;0.53817611933
32.200000763;0.53906863928
32.25;0.53996109962
32.299999237;0.54085361958
32.349998474;0.54174613953
32.400001526;0.54263859987
32.450000763;0.54353111982
32.5;0.54442363977
32.549999237;0.54531610012
32.599998474;0.54620862007
32.650001526;0.54710108042
32.700000763;0.54799360037
32.75;0.54888612032
32.799999237;0.54977858067
32.849998474;0.55067110062
32.900001526;0.55156362057
32.950000763;0.55245608091
33.0;0.55334860086
33.049999237;0.55424106121
33.099998474;0.55513358116
33.150001526;0.55602610111
33.200000763;0.55691856146
33.25;0.55781108141
33.299999237;0.55870360136
33.349998474;0.55959606171
33.400001526;0.56048858166
33.450000763;0.561381042
33.5;0.56227356195
33.549999237;0.56316608191
33.599998474;0.56405854225
33.650001526;0.5649510622
33.700000763;0.56584358215
33.75;0.5667360425
33.799999237;0.56762856245
33.849998474;0.5685210228
33.900001526;0.56941354275
33.950000763;0.5703060627
34.0;0.57119852304
34.049999237;0.572091043
34.099998474;0.57298356295
34.150001526;0.57387602329
34.200000763;0.57476854324
34.25;0.57566106319
34.299999237;0.57655352354
34.349998474;0.57744604349
34.400001526;0.57833850384
34.450000763;0.57923102379
34.5;0.58012354374
34.549999237;0.58101600409
34.599998474;0.58190852404
34.650001526;0.58280104399
34.700000763;0.58369350433
34.75;0.58458602428
34.799999237;0.58547848463
34.849998474;0.58637100458
34.900001526;0.58726352453
34.950000763;0.58815598488
35.0;0.58904850483
35.049999237;0.58994102478
35.099998474;0.59083348513
35.150001526;0.59172600508
35.200000763;0.59261846542
35.25;0.59351098537
35.299999237;0.59440350533
35.349998474;0.59529596567
35.400001526;0.59618848562
35.450000763;0.59708100557
35.5;0.59797346592
35.549999237;0.59886598587
35.599998474;0.59975844622
35.650001526;0.60065096617
35.700000763;0.60154348612
35.75;0.60243594646
35.799999237;0.60332846642
35.849998474;0.60422098637
35.900001526;0.60511344671
35.950000763;0.60600596666
36.0;0.60689842701
36.049999237;0.60779094696
36.099998474;0.60868346691
36.150001526;0.60957592726
36.200000763;0.61046844721
36.25;0.61136096716
36.299999237;0.61225342751
36.349998474;0.61314594746
36.400001526;0.6140384078
36.450000763;0.61493092775
36.5;0.6158234477
36.549999237;0.61671590805
36.599998474;0.617608428
36.650001526;0.61850094795
36.700000763;0.6193934083
36.75;0.62028592825
36.799999237;0.6211783886
36.849998474;0.62207090855
36.900001526;0.6229634285
36.950000763;0.62385588884
37.0;0.62474840879
37.049999237;0.62564092875
37.099998474;0.62653338909
37.150001526;0.62742590904
37.200000763;0.62831842899
37.25;0.62921088934
37.299999237;0.63010340929
37.349998474;0.63099586964
37.400001526;0.63188838959
37.450000763;0.63278090954
37.5;0.63367336988
37.549999237;0.63456588984
37.599998474;0.63545840979
37.650001526;0.63635087013
37.700000763;0.63724339008
37.75;0.63813585043
37.799999237;0.63902837038
37.849998474;0.63992089033
37.900001526;0.64081335068
37.950000763;0.64170587063
38.0;0.64259839058
38.049999237;0.64349085093
38.099998474;0.64438337088
38.149501801;0.64526695013
38.199501038;0.64615941048
38.249500275;0.64705193043
38.299499512;0.64794445038
38.349498749;0.64883691072
38.399501801;0.64972943068
38.449501038;0.65062189102
38.499500275;0.65151441097
38.549499512;0.65240693092
38.599498749;0.65329939127
38.649501801;0.65419191122
38.699501038;0.65508443117
38.749500275;0.65597689152
38.799499512;0.65686941147
38.849498749;0.65776187181
38.899501801;0.65865439177
38.949501038;0.65954691172
38.999500275;0.66043937206
39.049499512;0.66133189201
39.099498749;0.66222441196
39.149501801;0.66311687231
39.199501038;0.66400939226
39.249500275;0.66490185261
39.299499512;0.66579437256
39.349498749;0.66668689251
39.399501801;0.66757935286
39.449501038;0.66847187281
39.499500275;0.66936439276
39.549499512;0.6702568531
39.599498749;0.67114937305
39.649501801;0.67204189301
39.699501038;0.67293435335
39.749500275;0.6738268733
39.799499512;0.67471933365
39.849498749;0.6756118536
39.899501801;0.67650437355
39.949501038;0.6773968339
39.999500275;0.67828935385
40.049499512;0.6791818738
40.099498749;0.68007433414
40.149501801;0.6809668541
40.199501038;0.68185931444
40.249500275;0.68275183439
40.299499512;0.68364435434
40.349498749;0.68453681469
40.399501801;0.68542933464
40.449501038;0.68632185459
40.499500275;0.68721431494
40.549499512;0.68810683489
40.599498749;0.68899929523
40.649501801;0.68989181519
40.699501038;0.69078433514
40.749500275;0.69167679548
40.799499512;0.69256931543
40.849498749;0.69346183538
40.899501801;0.69435429573
40.949501038;0.69524681568
40.999500275;0.69613927603
41.049499512;0.69703179598
41.099498749;0.69792431593
41.149501801;0.69881677628
41.199501038;0.69970929623
41.249500275;0.70060181618
41.299499512;0.70149427652
41.349498749;0.70238679647
41.399501801;0.70327925682
41.449501038;0.70417177677
41.499500275;0.70506429672
41.549499512;0.70595675707
41.599498749;0.70684927702
41.649501801;0.70774179697
41.699501038;0.70863425732
41.749500275;0.70952677727
41.799499512;0.71041923761
41.849498749;0.71131175756
41.899501801;0.71220427752
41.949501038;0.71309673786
41.999500275;0.71398925781
42.049499512;0.71488177776
42.099498749;0.71577423811
42.149501801;0.71666675806
42.199501038;0.71755921841
42.249500275;0.71845173836
42.299499512;0.71934425831
42.349498749;0.72023671865
42.399501801;0.72112923861
42.449501038;0.72202175856
42.499500275;0.7229142189
42.549499512;0.72380673885
42.599498749;0.7246992588
42.649501801;0.72559171915
42.699501038;0.7264842391
42.749500275;0.72737669945
42.799499512;0.7282692194
42.849498749;0.72916173935
42.899501801;0.7300541997
42.949501038;0.73094671965
42.999500275;0.7318392396
43.049499512;0.73273169994
43.099498749;0.73362421989
43.149501801;0.73451668024
43.199501038;0.73540920019
43.249500275;0.73630172014
43.299499512;0.73719418049
43.349498749;0.73808670044
43.399501801;0.73897922039
43.449501038;0.73987168074
43.499500275;0.74076420069
43.549499512;0.74165666103
43.599498749;0.74254918098
43.649501801;0.74344170094
43.699501038;0.74433416128
43.749500275;0.74522668123
43.799499512;0.74611920118
43.849498749;0.74701166153
43.899501801;0.74790418148
43.949501038;0.74879664183
43.999500275;0.74968916178
44.049499512;0.75058168173
44.099498749;0.75147414207
44.149501801;0.75236666203
44.199501038;0.75325918198
44.249500275;0.75415164232
44.299499512;0.75504416227
44.349498749;0.75593662262
44.399501801;0.75682914257
44.449501038;0.75772166252
44.499500275;0.75861412287
44.549499512;0.75950664282
44.599498749;0.76039916277
44.649501801;0.76129162312
44.699501038;0.76218414307
44.749500275;0.76307660341
44.799499512;0.76396912336
44.849498749;0.76486164331
44.899501801;0.76575410366
44.949501038;0.76664662361
44.999500275;0.76753914356
45.049499512;0.76843160391
45.099498749;0.76932412386
45.149501801;0.77021658421
45.199501038;0.77110910416
45.249500275;0.77200162411
45.299499512;0.77289408445
45.349498749;0.7737866044
45.399501801;0.77467912436
45.449501038;0.7755715847
45.499500275;0.77646410465
45.549499512;0.7773566246
45.599498749;0.77824908495
45.649501801;0.7791416049
45.699501038;0.78003406525
45.749500275;0.7809265852
45.799499512;0.78181910515
45.849498749;0.78271156549
45.899501801;0.78360408545
45.949501038;0.7844966054
45.999500275;0.78538906574
46.049499512;0.78628158569
46.099498749;0.78717404604
46.149501801;0.78806656599
46.199501038;0.78895908594
46.249500275;0.78985154629
46.299499512;0.79074406624
46.349498749;0.79163658619
46.399501801;0.79252904654
46.449501038;0.79342156649
46.499500275;0.79431402683
46.549499512;0.79520654678
46.599498749;0.79609906673
46.649501801;0.79699152708
46.699501038;0.79788404703
46.749500275;0.79877656698
46.799499512;0.79966902733
46.849498749;0.80056154728
46.899501801;0.80145400763
46.949501038;0.80234652758
46.999500275;0.80323904753
47.049499512;0.80413150787
47.099498749;0.80502402782
47.149501801;0.80591654778
47.199501038;0.80680900812
47.249500275;0.80770152807
47.299499512;0.80859398842
47.349498749;0.80948650837
47.399501801;0.81037902832
47.449501038;0.81127148867
47.499500275;0.81216400862
47.549499512;0.81305652857
47.599498749;0.81394898891
47.649501801;0.81484150887
47.699501038;0.81573396921
47.749500275;0.81662648916
47.799499512;0.81751900911
47.849498749;0.81841146946
47.899501801;0.81930398941
47.949501038;0.82019650936
47.999500275;0.82108896971
48.049499512;0.82198148966
48.099498749;0.82287395
48.149501801;0.82376646996
48.199501038;0.82465898991
48.249500275;0.82555145025
48.299499512;0.8264439702
48.349498749;0.82733649015
48.399501801;0.8282289505
48.449501038;0.82912147045
48.499500275;0.8300139904
48.549499512;0.83090645075
48.599498749;0.8317989707
48.649501801;0.83269143105
48.699501038;0.833583951
48.749500275;0.83447647095
48.799499512;0.83536893129
48.849498749;0.83626145124
48.899501801;0.8371539712
48.949501038;0.83804643154
48.999500275;0.83893895149
49.049499512;0.83983141184
49.099498749;0.84072393179
49.149501801;0.84161645174
49.199501038;0.84250891209
49.249500275;0.84340143204
49.299499512;0.84429395199
49.349498749;0.84518641233
49.399501801;0.84607893229
49.449501038;0.84697139263
49.499500275;0.84786391258
49.549499512;0.84875643253
49.599498749;0.84964889288
49.649501801;0.85054141283
49.699501038;0.85143393278
49.749500275;0.85232639313
49.799499512;0.85321891308
49.849498749;0.85411137342
49.899501801;0.85500389338
49.949501038;0.85589641333
49.999500275;0.85678887367
50.049499512;0.85768139362
50.099498749;0.85857391357
50.149501801;0.85946637392
50.199501038;0.86035889387
50.249500275;0.86125135422
50.299499512;0.86214387417
50.349498749;0.86303639412
50.399501801;0.86392885447
50.449501038;0.86482137442
50.499500275;0.86571389437
50.549499512;0.86660635471
50.599498749;0.86749887466
50.649501801;0.86839133501
50.699501038;0.86928385496
50.749500275;0.87017637491
50.799499512;0.87106883526
50.849498749;0.87196135521
50.899501801;0.87285387516
50.949501038;0.87374633551
50.999500275;0.87463885546
51.049499512;0.8755313158
51.099498749;0.87642383575
51.149501801;0.87731635571
51.199501038;0.87820881605
51.249500275;0.879101336
51.299499512;0.87999385595
51.349498749;0.8808863163
51.399501801;0.88177883625
51.449501038;0.8826713562
51.499500275;0.88356381655
51.549499512;0.8844563365
51.599498749;0.88534879684
51.649501801;0.8862413168
51.699501038;0.88713383675
51.749500275;0.88802629709
51.799499512;0.88891881704
51.849498749;0.88981133699
51.899501801;0.89070379734
51.949501038;0.89159631729
51.999500275;0.89248877764
52.049499512;0.89338129759
52.099498749;0.89427381754
52.149501801;0.89516627789
52.199501038;0.89605879784
52.249500275;0.89695131779
52.299499512;0.89784377813
52.349498749;0.89873629808
52.399501801;0.89962875843
52.449501038;0.90052127838
52.499500275;0.90141379833
52.549499512;0.90230625868
52.599498749;0.90319877863
52.649501801;0.90409129858
52.699501038;0.90498375893
52.749500275;0.90587627888
52.799499512;0.90676873922
52.849498749;0.90766125917
52.899501801;0.90855377913
52.949501038;0.90944623947
52.999500275;0.91033875942
53.049499512;0.91123127937
53.099498749;0.91212373972
53.149501801;0.91301625967
53.199501038;0.91390872002
53.249500275;0.91480123997
53.299499512;0.91569375992
53.349498749;0.91658622026
53.399501801;0.91747874022
53.449501038;0.91837126017
53.499500275;0.91926372051
53.549499512;0.92015624046
53.599498749;0.92104870081
53.649501801;0.92194122076
53.699501038;0.92283374071
53.749500275;0.92372620106
53.799499512;0.92461872101
53.849498749;0.92551124096
53.899501801;0.92640370131
53.949501038;0.92729622126
53.999500275;0.9281886816
54.049499512;0.92908120155
54.099498749;0.9299737215
54.149501801;0.93086618185
54.199501038;0.9317587018
54.249500275;0.93265122175
54.299499512;0.9335436821
54.349498749;0.93443620205
54.399501801;0.935328722
54.449501038;0.93622118235
54.499500275;0.9371137023
54.549499512;0.93800616264
54.599498749;0.93889868259
54.649501801;0.93979120255
54.699501038;0.94068366289
54.749500275;0.94157618284
54.799499512;0.94246870279
54.849498749;0.94336116314
54.899501801;0.94425368309
54.949501038;0.94514614344
54.999500275;0.94603866339
55.049499512;0.94693118334
55.099498749;0.94782364368
55.149501801;0.94871616364
55.199501038;0.94960868359
55.249500275;0.95050114393
55.299499512;0.95139366388
55.349498749;0.95228612423
55.399501801;0.95317864418
55.449501038;0.95407116413
55.499500275;0.95496362448
55.549499512;0.95585614443
55.599498749;0.95674866438
55.649501801;0.95764112473
55.699501038;0.95853364468
55.749500275;0.95942610502
55.799499512;0.96031862497
55.849498749;0.96121114492
55.899501801;0.96210360527
55.949501038;0.96299612522
55.999500275;0.96388864517
56.049499512;0.96478110552
56.099498749;0.96567362547
56.149501801;0.96656608582
56.199501038;0.96745860577
56.249500275;0.96835112572
56.299499512;0.96924358606
56.349498749;0.97013610601
56.399501801;0.97102862597
56.449501038;0.97192108631
56.499500275;0.97281360626
56.549499512;0.97370606661
56.599498749;0.97459858656
56.649501801;0.97549110651
56.699501038;0.97638356686
56.749500275;0.97727608681
56.799499512;0.97816860676
56.849498749;0.9790610671
56.899501801;0.97995358706
56.949501038;0.98084610701
56.999500275;0.98173856735
57.049499512;0.9826310873
57.099498749;0.98352354765
57.149501801;0.9844160676
57.199501038;0.98530858755
57.249500275;0.9862010479
57.299499512;0.98709356785
57.349498749;0.9879860878
57.399501801;0.98887854815
57.449501038;0.9897710681
57.499500275;0.99066352844
57.549499512;0.99155604839
57.599498749;0.99244856834
57.649501801;0.99334102869
57.699501038;0.99423354864
57.749500275;0.99512606859
57.799499512;0.99601852894
57.849498749;0.99691104889
57.899501801;0.99780350924
57.949501038;0.99869602919
57.999500275;0.99958854914
58.049499512;1.0004810095
58.099498749;1.0013735294
58.149501801;1.0022660494
58.199501038;1.0031585693
58.249500275;1.0040509701
58.299499512;1.00494349
58.349498749;1.00583601
58.399501801;1.0067285299
58.449501038;1.0076210499
58.499500275;1.0085134506
58.549499512;1.0094059706
58.599498749;1.0102984905
58.649501801;1.0111910105
58.699501038;1.0120835304
58.749500275;1.0129760504
58.799499512;1.0138684511
58.849498749;1.0147609711
58.899501801;1.015653491
58.949501038;1.016546011
58.999500275;1.0174385309
59.049499512;1.0183309317
59.099498749;1.0192234516
59.149501801;1.0201159716
59.199501038;1.0210084915
59.249500275;1.0219010115
59.299499512;1.0227934122
59.349498749;1.0236859322
59.399501801;1.0245784521
59.449501038;1.0254709721
59.499500275;1.026363492
59.549499512;1.027256012
59.599498749;1.0281484127
59.649501801;1.0290409327
59.699501038;1.0299334526
59.749500275;1.0308259726
59.799499512;1.0317184925
59.849498749;1.0326108932
59.899501801;1.0335034132
59.949501038;1.0343959332
59.999500275;1.0352884531
60.049499512;1.0361809731
60.099498749;1.037073493
60.149501801;1.0379658937
60.199501038;1.0388584137
60.249500275;1.0397509336
60.299499512;1.0406434536
60.349498749;1.0415359735
60.399501801;1.0424283743
60.449501038;1.0433208942
60.499500275;1.0442134142
60.549499512;1.0451059341
60.599498749;1.0459984541
60.649501801;1.0468908548
60.699501038;1.0477833748
60.749500275;1.0486758947
60.799499512;1.0495684147
60.849498749;1.0504609346
60.899501801;1.0513534546
60.949501038;1.0522458553
60.999500275;1.0531383753
61.049499512;1.0540308952
61.099498749;1.0549234152
61.149501801;1.0558159351
61.199501038;1.0567083359
61.249500275;1.0576008558
61.299499512;1.0584933758
61.349498749;1.0593858957
61.399501801;1.0602784157
61.449501038;1.0611708164
61.499500275;1.0620633364
61.549499512;1.0629558563
61.599498749;1.0638483763
61.649501801;1.0647408962
61.699501038;1.0656334162
61.749500275;1.0665258169
61.799499512;1.0674183369
61.849498749;1.0683108568
61.899501801;1.0692033768
61.949501038;1.0700958967
61.999500275;1.0709882975
62.049499512;1.0718808174
62.099498749;1.0727733374
62.149501801;1.0736658573
62.199501038;1.0745583773
62.249500275;1.075450778
62.299499512;1.076343298
62.349498749;1.0772358179
62.399501801;1.0781283379
62.449501038;1.0790208578
62.499500275;1.0799133778
62.549499512;1.0808057785
62.599498749;1.0816982985
62.649501801;1.0825908184
62.699501038;1.0834833384
62.749500275;1.0843758583
62.799499512;1.085268259
62.849498749;1.086160779
62.899501801;1.087053299
62.949501038;1.0879458189
62.999500275;1.0888383389
63.049499512;1.0897308588
63.099498749;1.0906232595
63.149501801;1.0915157795
63.199501038;1.0924082994
63.249500275;1.0933008194
63.299499512;1.0941933393
63.349498749;1.0950857401
63.399501801;1.09597826
63.449501038;1.09687078
63.499500275;1.0977632999
63.549499512;1.0986558199
63.599498749;1.0995482206
63.649501801;1.1004407406
63.699501038;1.1013332605
63.749500275;1.1022257805
63.799499512;1.1031183004
63.849498749;1.1040108204
63.899501801;1.1049032211
63.949501038;1.1057957411
63.999500275;1.106688261
64.049499512;1.107580781
64.099502563;1.1084733009
64.149497986;1.1093657017
64.199501038;1.1102582216
64.24949646;1.1111507416
64.299499512;1.1120432615
64.349502563;1.1129357815
64.399497986;1.1138281822
64.449501038;1.1147207022
64.49949646;1.1156132221
64.549499512;1.1165057421
64.599502563;1.117398262
64.649497986;1.118290782
64.699501038;1.1191831827
64.74949646;1.1200757027
64.799499512;1.1209682226
64.849502563;1.1218607426
64.899497986;1.1227532625
64.949501038;1.1236456633
64.99949646;1.1245381832
65.049499512;1.1254307032
65.099502563;1.1263232231
65.149497986;1.1272157431
65.199501038;1.1281081438
65.24949646;1.1290006638
65.299499512;1.1298931837
65.349502563;1.1307857037
65.399497986;1.1316782236
65.449501038;1.1325707436
65.49949646;1.1334631443
65.549499512;1.1343556643
65.599502563;1.1352481842
65.649497986;1.1361407042
65.699501038;1.1370332241
65.74949646;1.1379256248
65.799499512;1.1388181448
65.849502563;1.1397106647
65.899497986;1.1406031847
65.949501038;1.1414957047
65.99949646;1.1423882246
66.049499512;1.1432806253
66.099502563;1.1441731453
66.149497986;1.1450656652
66.199501038;1.1459581852
66.24949646;1.1468507051
66.299499512;1.1477431059
66.349502563;1.1486356258
66.399497986;1.1495281458
66.449501038;1.1504206657
66.49949646;1.1513131857
66.549499512;1.1522055864
66.599502563;1.1530981064
66.649497986;1.1539906263
66.699501038;1.1548831463
66.74949646;1.1557756662
66.799499512;1.1566681862
66.849502563;1.1575605869
66.899497986;1.1584531069
66.949501038;1.1593456268
66.99949646;1.1602381468
67.049499512;1.1611306667
67.099502563;1.1620230675
67.149497986;1.1629155874
67.199501038;1.1638081074
67.24949646;1.1647006273
67.299499512;1.1655931473
67.349502563;1.166485548
67.399497986;1.167378068
67.449501038;1.1682705879
67.49949646;1.1691631079
67.549499512;1.1700556278
67.599502563;1.1709481478
67.649497986;1.1718405485
67.699501038;1.1727330685
67.74949646;1.1736255884
67.799499512;1.1745181084
67.849502563;1.1754106283
67.899497986;1.1763030291
67.949501038;1.177195549
67.99949646;1.178088069
68.049499512;1.1789805889
68.099502563;1.1798731089
68.149497986;1.1807655096
68.199501038;1.1816580296
68.24949646;1.1825505495
68.299499512;1.1834430695
68.349502563;1.1843355894
68.399497986;1.1852281094
68.449501038;1.1861205101
68.49949646;1.1870130301
68.549499512;1.18790555
68.599502563;1.18879807
68.649497986;1.1896905899
68.699501038;1.1905829906
68.74949646;1.1914755106
68.799499512;1.1923680305
68.849502563;1.1932605505
68.899497986;1.1941530704
68.949501038;1.1950455904
68.99949646;1.1959379911
69.049499512;1.1968305111
69.099502563;1.197723031
69.149497986;1.198615551
69.199501038;1.1995080709
69.24949646;1.2004004717
69.299499512;1.2012929916
69.349502563;1.2021855116
69.399497986;1.2030780315
69.449501038;1.2039705515
69.49949646;1.2048629522
69.549499512;1.2057554722
69.599502563;1.2066479921
69.649497986;1.2075405121
69.699501038;1.208433032
69.74949646;1.209325552
69.799499512;1.2102179527
69.849502563;1.2111104727
69.899497986;1.2120029926
69.949501038;1.2128955126
69.99949646;1.2137880325
70.049499512;1.2146804333
70.099502563;1.2155729532
70.149497986;1.2164654732
70.199501038;1.2173579931
70.24949646;1.2182505131
70.299499512;1.2191429138
70.349502563;1.2200354338
70.399497986;1.2209279537
70.449501038;1.2218204737
70.49949646;1.2227129936
70.549499512;1.2236055136
70.599502563;1.2244979143
70.649497986;1.2253904343
70.699501038;1.2262829542
70.74949646;1.2271754742
70.799499512;1.2280679941
70.849502563;1.2289603949
70.899497986;1.2298529148
70.949501038;1.2307454348
70.99949646;1.2316379547
71.049499512;1.2325304747
71.099502563;1.2334228754
71.149497986;1.2343153954
71.199501038;1.2352079153
71.24949646;1.2361004353
71.299499512;1.2369929552
71.349502563;1.2378854752
71.399497986;1.2387778759
71.449501038;1.2396703959
71.49949646;1.2405629158
71.549499512;1.2414554358
71.599502563;1.2423479557
71.649497986;1.2432403564
71.699501038;1.2441328764
71.74949646;1.2450253963
71.799499512;1.2459179163
71.849502563;1.2468104362
71.899497986;1.2477029562
71.949501038;1.2485953569
71.99949646;1.2494878769
72.049499512;1.2503803968
72.099502563;1.2512729168
72.149497986;1.2521654367
72.199501038;1.2530578375
72.24949646;1.2539503574
72.299499512;1.2548428774
72.349502563;1.2557353973
72.399497986;1.2566279173
72.449501038;1.257520318
72.49949646;1.258412838
72.549499512;1.2593053579
72.599502563;1.2601978779
72.649497986;1.2610903978
72.699501038;1.2619829178
72.74949646;1.2628753185
72.799499512;1.2637678385
72.849502563;1.2646603584
72.899497986;1.2655528784
72.949501038;1.2664453983
72.99949646;1.2673377991
73.049499512;1.268230319
73.099502563;1.269122839
73.149497986;1.2700153589
73.199501038;1.2709078789
73.24949646;1.2718002796
73.299499512;1.2726927996
73.349502563;1.2735853195
73.399497986;1.2744778395
73.449501038;1.2753703594
73.49949646;1.2762628794
73.549499512;1.2771552801
73.599502563;1.2780478001
73.649497986;1.27894032
73.699501038;1.27983284
73.74949646;1.2807253599
73.799499512;1.2816177607
73.849502563;1.2825102806
73.899497986;1.2834028006
73.949501038;1.2842953205
73.99949646;1.2851878405
74.049499512;1.2860802412
74.099502563;1.2869727612
74.149497986;1.2878652811
74.199501038;1.2887578011
74.24949646;1.289650321
74.299499512;1.290542841
74.349502563;1.2914352417
74.399497986;1.2923277617
74.449501038;1.2932202816
74.49949646;1.2941128016
74.549499512;1.2950053215
74.599502563;1.2958977222
74.649497986;1.2967902422
74.699501038;1.2976827621
74.74949646;1.2985752821
74.799499512;1.299467802
74.849502563;1.300360322
74.899497986;1.3012527227
74.949501038;1.3021452427
74.99949646;1.3030377626
75.049499512;1.3039302826
75.099502563;1.3048228025
75.149497986;1.3057152033
75.199501038;1.3066077232
75.24949646;1.3075002432
75.299499512;1.3083927631
75.349502563;1.3092852831
75.399497986;1.3101776838
75.449501038;1.3110702038
75.49949646;1.3119627237
75.549499512;1.3128552437
75.599502563;1.3137477636
75.649497986;1.3146402836
75.699501038;1.3155326843
75.74949646;1.3164252043
75.799499512;1.3173177242
75.849502563;1.3182102442
75.899497986;1.3191027641
75.949501038;1.3199951649
75.99949646;1.3208876848
76.049499512;1.3217802048
76.099502563;1.3226727247
76.149497986;1.3235652447
76.199501038;1.3244576454
76.24949646;1.3253501654
76.299499512;1.3262426853
76.349502563;1.3271352053
76.399497986;1.3280277252
76.449501038;1.3289202452
76.49949646;1.3298126459
76.549499512;1.3307051659
76.599502563;1.3315976858
76.649497986;1.3324902058
76.699501038;1.3333827257
76.74949646;1.3342751265
76.799499512;1.3351676464
76.849502563;1.3360601664
76.899497986;1.3369526863
76.949501038;1.3378452063
76.99949646;1.338737607
77.049499512;1.339630127
77.099502563;1.3405226469
77.149497986;1.3414151669
77.199501038;1.3423076868
77.24949646;1.3432002068
77.299499512;1.3440926075
77.349502563;1.3449851274
77.399497986;1.3458776474
77.449501038;1.3467701674
77.49949646;1.3476626873
77.549499512;1.348555088
77.599502563;1.349447608
77.649497986;1.3503401279
77.699501038;1.3512326479
77.74949646;1.3521251678
77.799499512;1.3530176878
77.849502563;1.3539100885
77.899497986;1.3548026085
77.949501038;1.3556951284
77.99949646;1.3565876484
78.049499512;1.3574801683
78.099502563;1.3583725691
78.149497986;1.359265089
78.199501038;1.360157609
78.24949646;1.3610501289
78.299499512;1.3619426489
78.349502563;1.3628350496
78.399497986;1.3637275696
78.449501038;1.3646200895
78.49949646;1.3655126095
78.549499512;1.3664051294
78.599502563;1.3672976494
78.649497986;1.3681900501
78.699501038;1.3690825701
78.74949646;1.36997509
78.799499512;1.37086761
78.849502563;1.3717601299
78.899497986;1.3726525307
78.949501038;1.3735450506
78.99949646;1.3744375706
79.049499512;1.3753300905
79.099502563;1.3762226105
79.149497986;1.3771150112
79.199501038;1.3780075312
79.24949646;1.3789000511
79.299499512;1.3797925711
79.349502563;1.380685091
79.399497986;1.381577611
79.449501038;1.3824700117
79.49949646;1.3833625317
79.549499512;1.3842550516
79.599502563;1.3851475716
79.649497986;1.3860400915
79.699501038;1.3869324923
79.74949646;1.3878250122
79.799499512;1.3887175322
79.849502563;1.3896100521
79.899497986;1.3905025721
79.949501038;1.3913949728
79.99949646;1.3922874928
80.049499512;1.3931800127
80.099502563;1.3940725327
80.149497986;1.3949650526
80.199501038;1.3958575726
80.24949646;1.3967499733
80.299499512;1.3976424932
80.349502563;1.3985350132
80.399497986;1.3994275331
80.449501038;1.4003200531
80.49949646;1.4012124538
80.549499512;1.4021049738
80.599502563;1.4029974937
80.649497986;1.4038900137
80.699501038;1.4047825336
80.74949646;1.4056750536
80.799499512;1.4065674543
80.849502563;1.4074599743
80.899497986;1.4083524942
80.949501038;1.4092450142
80.99949646;1.4101375341
81.049499512;1.4110299349
81.099502563;1.4119224548
81.149497986;1.4128149748
81.199501038;1.4137074947
81.24949646;1.4146000147
81.299499512;1.4154924154
81.349502563;1.4163849354
81.399497986;1.4172774553
81.449501038;1.4181699753
81.49949646;1.4190624952
81.549499512;1.4199550152
81.599502563;1.4208474159
81.649497986;1.4217399359
81.699501038;1.4226324558
81.74949646;1.4235249758
81.799499512;1.4244174957
81.849502563;1.4253098965
81.899497986;1.4262024164
81.949501038;1.4270949364
81.99949646;1.4279874563
82.049499512;1.4288799763
82.099502563;1.429772377
82.149497986;1.430664897
82.199501038;1.4315574169
82.24949646;1.4324499369
82.299499512;1.4333424568
82.349502563;1.4342349768
82.399497986;1.4351273775
82.449501038;1.4360198975
82.49949646;1.4369124174
82.549499512;1.4378049374
82.599502563;1.4386974573
82.649497986;1.4395898581
82.699501038;1.440482378
82.74949646;1.441374898
82.799499512;1.4422674179
82.849502563;1.4431599379
82.899497986;1.4440523386
82.949501038;1.4449448586
82.99949646;1.4458373785
83.049499512;1.4467298985
83.099502563;1.4476224184
83.149497986;1.4485149384
83.199501038;1.4494073391
83.24949646;1.450299859
83.299499512;1.451192379
83.349502563;1.4520848989
83.399497986;1.4529774189
83.449501038;1.4538698196
83.49949646;1.4547623396
83.549499512;1.4556548595
83.599502563;1.4565473795
83.649497986;1.4574398994
83.699501038;1.4583324194
83.74949646;1.4592248201
83.799499512;1.4601173401
83.849502563;1.46100986
83.899497986;1.46190238
83.949501038;1.4627948999
83.99949646;1.4636873007
84.049499512;1.4645798206
84.099502563;1.4654723406
84.149497986;1.4663648605
84.199501038;1.4672573805
84.24949646;1.4681497812
84.299499512;1.4690423012
84.349502563;1.4699348211
84.399497986;1.4708273411
84.449501038;1.471719861
84.49949646;1.472612381
84.549499512;1.4735047817
84.599502563;1.4743973017
84.649497986;1.4752898216
84.699501038;1.4761823416
84.74949646;1.4770748615
84.799499512;1.4779672623
84.849502563;1.4788597822
84.899497986;1.4797523022
84.949501038;1.4806448221
84.99949646;1.4815373421
85.049499512;1.4824297428
85.099502563;1.4833222628
85.149497986;1.4842147827
85.199501038;1.4851073027
85.24949646;1.4859998226
85.299499512;1.4868923426
85.349502563;1.4877847433
85.399497986;1.4886772633
85.449501038;1.4895697832
85.49949646;1.4904623032
85.549499512;1.4913548231
85.599502563;1.4922472239
85.649497986;1.4931397438
85.699501038;1.4940322638
85.74949646;1.4949247837
85.799499512;1.4958173037
85.849502563;1.4967097044
85.899497986;1.4976022243
85.949501038;1.4984947443
85.99949646;1.4993872643
86.049499512;1.5002797842
86.099502563;1.5011723042
86.149497986;1.5020647049
86.199501038;1.5029572248
86.24949646;1.5038497448
86.299499512;1.5047422647
86.349502563;1.5056347847
86.399497986;1.5065271854
86.449501038;1.5074197054
86.49949646;1.5083122253
86.549499512;1.5092047453
86.599502563;1.5100972652
86.649497986;1.5109897852
86.699501038;1.5118821859
86.74949646;1.5127747059
86.799499512;1.5136672258
86.849502563;1.5145597458
86.899497986;1.5154522657
86.949501038;1.5163446665
86.99949646;1.5172371864
87.049499512;1.5181297064
87.099502563;1.5190222263
87.149497986;1.5199147463
87.199501038;1.520807147
87.24949646;1.521699667
87.299499512;1.5225921869
87.349502563;1.5234847069
87.399497986;1.5243772268
87.449501038;1.5252697468
87.49949646;1.5261621475
87.549499512;1.5270546675
87.599502563;1.5279471874
87.649497986;1.5288397074
87.699501038;1.5297322273
87.74949646;1.5306246281
87.799499512;1.531517148
87.849502563;1.532409668
87.899497986;1.5333021879
87.949501038;1.5341947079
87.99949646;1.5350871086
88.049499512;1.5359796286
88.099502563;1.5368721485
88.149497986;1.5377646685
88.199501038;1.5386571884
88.24949646;1.5395497084
88.299499512;1.5404421091
88.349502563;1.5413346291
88.399497986;1.542227149
88.449501038;1.543119669
88.49949646;1.5440121889
88.549499512;1.5449045897
88.599502563;1.5457971096
88.649497986;1.5466896296
88.699501038;1.5475821495
88.74949646;1.5484746695
88.799499512;1.5493670702
88.849502563;1.5502595901
88.899497986;1.5511521101
88.949501038;1.5520446301
88.99949646;1.55293715
89.049499512;1.55382967
89.099502563;1.5547220707
89.149497986;1.5556145906
89.199501038;1.5565071106
89.24949646;1.5573996305
89.299499512;1.5582921505
89.349502563;1.5591845512
89.399497986;1.5600770712
89.449501038;1.5609695911
89.49949646;1.5618621111
89.549499512;1.562754631
89.599502563;1.563647151
89.649497986;1.5645395517
89.699501038;1.5654320717
89.74949646;1.5663245916
89.799499512;1.5672171116
89.849502563;1.5681096315
89.899497986;1.5690020323
89.949501038;1.5698945522
89.99949646;1.5707870722
90.049499512;1.5707960129
90.099502563;1.5707960129
90.149497986;1.5707960129
90.199501038;1.5707960129
90.24949646;1.5707960129
90.299499512;1.5707960129
90.349502563;1.5707960129
90.399497986;1.5707960129
90.449501038;1.5707960129
90.49949646;1.5707960129
90.549499512;1.5707960129
90.599502563;1.5707960129
90.649497986;1.5707960129
90.699501038;1.5707960129
90.74949646;1.5707960129
90.799499512;1.5707960129
90.849502563;1.5707960129
90.899497986;1.5707960129
90.949501038;1.5707960129
90.99949646;1.5707960129
91.049499512;1.5707960129
91.099502563;1.5707960129
91.149497986;1.5707960129
91.199501038;1.5707960129
91.24949646;1.5707960129
91.299499512;1.5707960129
91.349502563;1.5707960129
91.399497986;1.5707960129
91.449501038;1.5707960129
91.49949646;1.5707960129
91.549499512;1.5707960129
91.599502563;1.5707960129
91.649497986;1.5707960129
91.699501038;1.5707960129
91.74949646;1.5707960129
91.799499512;1.5707960129
91.849502563;1.5707960129
91.899497986;1.5707960129
91.949501038;1.5707960129
91.99949646;1.5707960129
92.049499512;1.5707960129
92.099502563;1.5707960129
92.149497986;1.5707960129
92.199501038;1.5707960129
92.24949646;1.5707960129
92.299499512;1.5707960129
92.349502563;1.5707960129
92.399497986;1.5707960129
92.449501038;1.5707960129
92.49949646;1.5707960129
92.549499512;1.5707960129
92.599502563;1.5707960129
92.649497986;1.5707960129
92.699501038;1.5707960129
92.74949646;1.5707960129
92.799499512;1.5707960129
92.849502563;1.5707960129
92.899497986;1.5707960129
92.949501038;1.5707960129
92.99949646;1.5707960129
93.049499512;1.5707960129
93.099502563;1.5707960129
93.149497986;1.5707960129
93.199501038;1.5707960129
93.24949646;1.5707960129
93.299499512;1.5707960129
93.349502563;1.5707960129
93.399497986;1.5707960129
93.449501038;1.5707960129
93.49949646;1.5707960129
93.549499512;1.5707960129
93.599502563;1.5707960129
93.649497986;1.5707960129
93.699501038;1.5707960129
93.74949646;1.5707960129
93.799499512;1.5707960129
93.849502563;1.5707960129
93.899497986;1.5707960129
93.949501038;1.5707960129
93.99949646;1.5707960129
94.049499512;1.5707960129
94.099502563;1.5707960129
94.149497986;1.5707960129
94.199501038;1.5707960129
94.24949646;1.5707960129
94.299499512;1.5707960129
94.349502563;1.5707960129
94.399497986;1.5707960129
94.449501038;1.5707960129
94.49949646;1.5707960129
94.549499512;1.5707960129
94.599502563;1.5707960129
94.649497986;1.5707960129
94.699501038;1.5707960129
94.74949646;1.5707960129
94.799499512;1.5707960129
94.849502563;1.5707960129
94.899497986;1.5707960129
94.949501038;1.5707960129
94.99949646;1.5707960129
95.049499512;1.5707960129
95.099502563;1.5707960129
95.149497986;1.5707960129
95.199501038;1.5707960129
95.24949646;1.5707960129
95.299499512;1.5707960129
95.349502563;1.5707960129
95.399497986;1.5707960129
95.449501038;1.5707960129
95.49949646;1.5707960129
95.549499512;1.5707960129
95.599502563;1.5707960129
95.649497986;1.5707960129
95.699501038;1.5707960129
95.74949646;1.5707960129
95.799499512;1.5707960129
95.849502563;1.5707960129
95.899497986;1.5707960129
95.949501038;1.5707960129
95.99949646;1.5707960129
96.049499512;1.5707960129
96.099502563;1.5707960129
96.149497986;1.5707960129
96.199501038;1.5707960129
96.24949646;1.5707960129
96.299499512;1.5707960129
96.349502563;1.5707960129
96.399497986;1.5707960129
96.449501038;1.5707960129
96.49949646;1.5707960129
96.549499512;1.5707960129
96.599502563;1.5707960129
96.649497986;1.5707960129
96.699501038;1.5707960129
96.74949646;1.5707960129
96.799499512;1.5707960129
96.849502563;1.5707960129
96.899497986;1.5707960129
96.949501038;1.5707960129
96.99949646;1.5707960129
97.049499512;1.5707960129
97.099502563;1.5707960129
97.149497986;1.5707960129
97.199501038;1.5707960129
97.24949646;1.5707960129
97.299499512;1.5707960129
97.349502563;1.5707960129
97.399497986;1.5707960129
97.449501038;1.5707960129
97.49949646;1.5707960129
97.549499512;1.5707960129
97.599502563;1.5707960129
97.649497986;1.5707960129
97.699501038;1.5707960129
97.74949646;1.5707960129
97.799499512;1.5707960129
97.849502563;1.5707960129
97.899497986;1.5707960129
97.949501038;1.5707960129
97.99949646;1.5707960129
98.049499512;1.5707960129
98.099502563;1.5707960129
98.149497986;1.5707960129
98.199501038;1.5707960129
98.24949646;1.5707960129
98.299499512;1.5707960129
98.349502563;1.5707960129
98.399497986;1.5707960129
98.449501038;1.5707960129
98.49949646;1.5707960129
98.549499512;1.5707960129
98.599502563;1.5707960129
98.649497986;1.5707960129
98.699501038;1.5707960129
98.74949646;1.5707960129
98.799499512;1.5707960129
98.849502563;1.5707960129
98.899497986;1.5707960129
98.949501038;1.5707960129
98.99949646;1.5707960129
99.049499512;1.5707960129
99.099502563;1.5707960129
99.149497986;1.5707960129
99.199501038;1.5707960129
99.24949646;1.5707960129
99.299499512;1.5707960129
99.349502563;1.5707960129
99.399497986;1.5707960129
99.449501038;1.5707960129
99.49949646;1.5707960129
99.549499512;1.5707960129
99.599502563;1.5707960129
99.649497986;1.5707960129
99.699501038;1.5707960129
99.74949646;1.5707960129
99.799499512;1.5707960129
99.849502563;1.5707960129
99.899497986;1.5707960129
99.949501038;1.5707960129
