Time [s];Force [kN]
0.0;0.0
0.049499999732;0.0
0.099500000477;0.0
0.1494999975;0.0
0.19949999452;0.0
0.24950000644;0.0
0.29949998856;0.0
0.34950000048;0.0
0.3995000124;0.0
0.44949999452;0.0
0.49950000644;0.0
0.55000001192;0.0
0.60000002384;0.0
0.64999997616;0.0
0.69999998808;0.0
0.75;0.0
0.80000001192;0.0
0.85000002384;0.0
0.89999997616;0.0
0.94999998808;0.0
1.0;0.0
1.0499999523;0.0
1.1000000238;0.0
1.1499999762;0.0
1.2000000477;0.0
1.25;0.0
1.2999999523;0.0
1.3500000238;0.0
1.3999999762;0.0
1.4500000477;0.0
1.5;0.0
1.5499999523;0.0
1.6000000238;0.0
1.6499999762;0.0
1.7000000477;0.0
1.75;0.0
1.7999999523;0.0
1.8500000238;0.0
1.8999999762;0.0
1.9500000477;0.0
2.0;0.0
2.0499999523;0.0
2.0999999046;0.0
2.1500000954;0.0
2.2000000477;0.0
2.25;0.0
2.2999999523;0.0
2.3499999046;0.0
2.4000000954;0.0
2.4500000477;0.0
2.4995000362;0.0
2.5494999886;0.0
2.5994999409;0.0
2.6494998932;0.0
2.6995000839;0.0
2.7495000362;0.0
2.7994999886;0.0
2.8494999409;0.0
2.8994998932;0.0
2.9495000839;0.0
2.9995000362;0.0
3.0494999886;0.0
3.0994999409;0.0056498767808
3.1494998932;0.033036954701
3.1995000839;0.0
3.2495000362;0.0
3.2994999886;0.0
3.3494999409;0.0
3.3994998932;0.0
3.4495000839;0.0
3.4995000362;0.0
3.5494999886;0.0
3.5994999409;0.0
3.6494998932;0.0
3.6995000839;0.0
3.7495000362;0.0
3.7994999886;0.0
3.8494999409;0.0
3.8994998932;0.0
3.9495000839;0.0
3.9995000362;0.0
4.0494999886;0.0
4.0995001793;0.0
4.1494998932;0.0
4.1995000839;0.0
4.2494997978;0.0030407835729
4.2994999886;0.017461797222
4.3495001793;0.0
4.3994998932;0.0
4.4495000839;0.0
4.4994997978;0.00081146362936
4.5494999886;0.022652653977
4.5995001793;0.0
4.6494998932;0.0
4.6995000839;0.0
4.7494997978;0.0
4.7994999886;0.0
4.8495001793;0.0
4.8994998932;0.0
4.9499998093;0.0
5.0;0.0
5.0500001907;0.0
5.0999999046;0.0
5.1500000954;0.0
5.1999998093;0.0
5.25;0.0
5.3000001907;0.0
5.3499999046;0.0
5.4000000954;0.0
5.4499998093;0.0
5.5;0.0
5.5500001907;0.0
5.5999999046;0.0
5.6500000954;0.047745712101
5.6999998093;0.013998237438
5.75;0.015873894095
5.8000001907;0.0055671059527
5.8499999046;0.033962208778
5.9000000954;0.0040072356351
5.9499998093;0.0
6.0;0.0
6.0500001907;0.0
6.0999999046;0.0
6.1500000954;0.0
6.1999998093;0.0
6.25;0.0
6.3000001907;0.0
6.3499999046;0.0
6.4000000954;0.0
6.4499998093;0.0
6.5;0.0
6.5500001907;0.0
6.5999999046;0.0
6.6500000954;0.0
6.6999998093;0.0
6.75;0.0
6.8000001907;0.0
6.8499999046;0.0
6.9000000954;0.0
6.9499998093;0.0
7.0;0.0
7.0500001907;0.0
7.0999999046;0.017782231793
7.1500000954;0.029024707153
7.1999998093;0.014719835483
7.25;0.0043626246043
7.3000001907;0.0
7.3499999046;0.0055373962969
7.4000000954;2.9232296583e-06
7.4499998093;0.0
7.5;0.0
7.5500001907;0.0
7.5999999046;0.0
7.6500000954;0.0
7.6999998093;0.0
7.75;0.0
7.8000001907;0.0
7.8499999046;0.0
7.9000000954;0.0
7.9499998093;0.0
8.0;0.0
8.0500001907;0.0
8.1000003815;0.0
8.1499996185;0.0
8.1999998093;0.0
8.25;0.0
8.3000001907;0.0
8.3500003815;0.0
8.3999996185;0.023580394685
8.4499998093;0.010309643112
8.5;0.0099940141663
8.5500001907;0.019431553781
8.6000003815;0.02055185847
8.6499996185;0.017874641344
8.6999998093;0.016820741817
8.75;0.0067896628752
8.8000001907;0.0016624034615
8.8500003815;0.0020713147242
8.8999996185;1.2857354648e-07
8.9499998093;0.0
9.0;0.0
9.0500001907;0.0
9.1000003815;0.0
9.1499996185;0.0
9.1999998093;0.0
9.25;0.0
9.3000001907;0.0
9.3500003815;0.0
9.3999996185;0.0
9.4495000839;0.0
9.4995002747;0.0
9.5495004654;0.0
9.5994997025;0.0
9.6494998932;0.024579979479
9.6995000839;0.014203914441
9.7495002747;0.02288524434
9.7995004654;0.022105587646
9.8494997025;0.054266545922
9.8994998932;0.035358827561
9.9495000839;0.040890514851
9.9995002747;0.040029216558
10.049500465;0.028801886365
10.099499702;0.0227666758
10.149499893;0.018479632214
10.199500084;0.0047506508417
10.249500275;0.0
10.299500465;0.0
10.349499702;0.0
10.399499893;0.0
10.449500084;0.0
10.499500275;0.0
10.549500465;0.0
10.599499702;0.0
10.649499893;0.0
10.699500084;0.0
10.749500275;0.0
10.799500465;0.0
10.849499702;0.0
10.899499893;0.0
10.949500084;4.5952874643e-05
10.999500275;0.032125424594
11.049500465;0.0187099576
11.099499702;0.017085144296
11.149499893;0.028942789882
11.199500084;0.037901539356
11.249500275;0.033695552498
11.299500465;0.038054410368
11.349499702;0.039185367525
11.399499893;0.024379448965
11.449500084;0.020274769515
11.499500275;0.014128833078
11.549500465;0.0057387724519
11.599499702;0.00039539771387
11.649499893;0.0
11.699500084;0.0
11.749500275;0.0
11.799500465;0.0
11.849499702;0.0
11.899499893;0.0
11.949500084;0.0
11.999500275;0.0
12.049500465;0.0
12.099499702;0.0
12.149499893;0.0
12.199500084;0.0
12.249500275;0.00012554344721
12.299500465;0.0339939408
12.349499702;0.023390689865
12.399499893;0.037182856351
12.449500084;0.038273755461
12.499500275;0.047647252679
12.549500465;0.047083333135
12.599499702;0.051394827664
12.649499893;0.055046454072
12.699500084;0.043120730668
12.749500275;0.041994486004
12.799500465;0.031856749207
12.849499702;0.015152436681
12.899499893;0.021789414808
12.949500084;0.018647132441
12.999500275;0.0084954407066
13.049500465;0.001361445873
13.099499702;0.001453388948
13.149499893;0.0
13.199500084;8.4794206487e-05
13.249500275;0.0054436102509
13.299500465;0.0035640487913
13.349499702;0.0049512260593
13.399499893;0.0059246569872
13.449500084;0.015492684208
13.499500275;0.021908979863
13.549500465;0.030505664647
13.599499702;0.037731580436
13.649499893;0.044370621443
13.699500084;0.046103063971
13.749500275;0.060504920781
13.799500465;0.064541749656
13.849499702;0.062329746783
13.899499893;0.067631922662
13.949500084;0.061175931245
13.999500275;0.058453947306
14.049500465;0.056291826069
14.099499702;0.04567765817
14.149499893;0.038741573691
14.199500084;0.031403258443
14.249500275;0.019084179774
14.299500465;0.012678042054
14.349499702;0.011564392596
14.399499893;0.0057123359293
14.449500084;0.0036866031587
14.499500275;3.2372856367e-05
14.549500465;0.0
14.599499702;0.0
14.649499893;0.0049436478876
14.699500084;0.013856882229
14.749500275;0.0096768140793
14.799500465;0.012292288244
14.849499702;0.02395334281
14.899499893;0.028298944235
14.949500084;0.038805909455
14.999500275;0.041074052453
15.049500465;0.046949263662
15.099499702;0.048460762948
15.149499893;0.048374399543
15.199500084;0.052923478186
15.249500275;0.048680189997
15.299500465;0.05171282962
15.349499702;0.040598168969
15.399499893;0.036695148796
15.449500084;0.030670719221
15.499500275;0.026700370014
15.549500465;0.020687041804
15.599499702;0.014343854971
15.649499893;0.0067225699313
15.699500084;0.0048432862386
15.749500275;0.00047423367505
15.799500465;0.0036762771197
15.849499702;0.0024019475095
15.899499893;0.009068980813
15.949500084;0.0093469936401
15.999500275;0.011623322032
16.049499512;0.018861299381
16.099500656;0.029108056799
16.149499893;0.031472865492
16.19949913;0.040589563549
16.249500275;0.045799907297
16.299499512;0.051022179425
16.349500656;0.059424504638
16.399499893;0.060743469745
16.44949913;0.063699126244
16.499500275;0.061389103532
16.549499512;0.06139902398
16.599500656;0.059169121087
16.649499893;0.057556696236
16.69949913;0.052471868694
16.749500275;0.049085430801
16.799499512;0.042635533959
16.849500656;0.035447947681
16.899499893;0.032026849687
16.94949913;0.028495844454
16.999500275;0.020810227841
17.049499512;0.020852191374
17.099500656;0.015371927992
17.149499893;0.01918506436
17.19949913;0.020217536017
17.249500275;0.024029875174
17.299499512;0.026051824912
17.349500656;0.032142579556
17.399499893;0.038835633546
17.44949913;0.043217241764
17.499500275;0.05316766724
17.549499512;0.06175903976
17.599500656;0.066700361669
17.649499893;0.069378122687
17.69949913;0.075581543148
17.749500275;0.080104321241
17.799499512;0.07699727267
17.849500656;0.079951621592
17.899499893;0.074456259608
17.94949913;0.071351081133
17.999500275;0.065802372992
18.049499512;0.061476036906
18.099500656;0.055067151785
18.149499893;0.050979364663
18.19949913;0.043947838247
18.249500275;0.0390435718
18.299499512;0.034313194454
18.349500656;0.030747983605
18.399499893;0.029971534386
18.44949913;0.028420371935
18.499500275;0.027378376573
18.549499512;0.033048722893
18.599500656;0.033027291298
18.649499893;0.036747518927
18.69949913;0.042041439563
18.749500275;0.046270016581
18.799499512;0.050296083093
18.849500656;0.055306058377
18.899499893;0.060553692281
18.94949913;0.062259476632
18.999500275;0.064009279013
19.049499512;0.065703980625
19.099500656;0.063631519675
19.149499893;0.066335164011
19.19949913;0.061673603952
19.249500275;0.059223890305
19.299499512;0.053177319467
19.349500656;0.049361929297
19.399999619;0.045254409313
19.450000763;0.040355503559
19.5;0.03796653077
19.549999237;0.035000819713
19.600000381;0.029036553577
19.649999619;0.029719017446
19.700000763;0.02772529237
19.75;0.03024436906
19.799999237;0.032332494855
19.850000381;0.036344010383
19.899999619;0.036262452602
19.950000763;0.043081771582
20.0;0.044460300356
20.049999237;0.05084528029
20.100000381;0.055050369352
20.149999619;0.058418806642
20.200000763;0.061713293195
20.25;0.067563287914
20.299999237;0.066061511636
20.350000381;0.072226807475
20.399999619;0.072094134986
20.450000763;0.071513608098
20.5;0.069171510637
20.549999237;0.069093570113
20.600000381;0.065403863788
20.649999619;0.060249857605
20.700000763;0.057868637145
20.75;0.053335424513
20.799999237;0.051054898649
20.850000381;0.047401435673
20.899999619;0.044132467359
20.950000763;0.040301304311
21.0;0.039599832147
21.049999237;0.038561593741
21.100000381;0.038017980754
21.149999619;0.043105617166
21.200000763;0.04407562688
21.25;0.046824678779
21.299999237;0.048571851104
21.350000381;0.055802326649
21.399999619;0.058843430132
21.450000763;0.062679320574
21.5;0.0680026263
21.549999237;0.072426579893
21.600000381;0.075483076274
21.649999619;0.077031202614
21.700000763;0.081565238535
21.75;0.08189843595
21.799999237;0.081476926804
21.850000381;0.080810569227
21.899999619;0.078880213201
21.950000763;0.077622897923
22.0;0.075611613691
22.049999237;0.071846462786
22.100000381;0.069763444364
22.149999619;0.066632315516
22.200000763;0.063939198852
22.25;0.061623170972
22.299999237;0.058528624475
22.350000381;0.059129990637
22.399999619;0.054066997021
22.450000763;0.053138591349
22.5;0.05351478979
22.549999237;0.054194044322
22.600000381;0.053047433496
22.649999619;0.056473888457
22.700000763;0.057016123086
22.75;0.059424776584
22.799999237;0.061023909599
22.850000381;0.066379144788
22.899999619;0.069182157516
22.950000763;0.072137162089
23.0;0.076118312776
23.049999237;0.078274540603
23.100000381;0.08131428808
23.149999619;0.083406545222
23.200000763;0.08209964633
23.25;0.083650961518
23.299999237;0.080874398351
23.350000381;0.079256720841
23.399999619;0.075758323073
23.450000763;0.071440532804
23.5;0.068028613925
23.549999237;0.064525321126
23.600000381;0.059762857854
23.649999619;0.058698326349
23.700000763;0.057412233204
23.75;0.050887413323
23.799999237;0.052877448499
23.850000381;0.05089655146
23.899999619;0.052423112094
23.950000763;0.053657636046
24.0;0.055907797068
24.049999237;0.05660976097
24.100000381;0.061530601233
24.149999619;0.063010133803
24.200000763;0.067891865969
24.25;0.072555720806
24.299999237;0.074369385839
24.350000381;0.078715063632
24.399999619;0.079230166972
24.450000763;0.083433777094
24.5;0.083830013871
24.549999237;0.083361670375
24.600000381;0.084632188082
24.649999619;0.084000371397
24.700000763;0.081840150058
24.75;0.080596067011
24.799999237;0.078259788454
24.850000381;0.074272595346
24.899999619;0.073786385357
24.950000763;0.068988442421
25.0;0.069030411541
25.049999237;0.064685329795
25.100000381;0.064857020974
25.149999619;0.061274066567
25.200000763;0.063076838851
25.25;0.062540665269
25.299999237;0.063715405762
25.350000381;0.062595568597
25.399999619;0.066172674298
25.450000763;0.066204234958
25.5;0.069012112916
25.549999237;0.072939798236
25.600000381;0.074950419366
25.649999619;0.077729798853
25.700000763;0.080689117312
25.75;0.082857079804
25.799999237;0.084868982434
25.850000381;0.085238017142
25.899999619;0.08669796586
25.950000763;0.087371863425
26.0;0.086659349501
26.049999237;0.085797667503
26.100000381;0.085708647966
26.149999619;0.081518836319
26.200000763;0.079077199101
26.25;0.075951911509
26.299999237;0.073142543435
26.350000381;0.069876939058
26.399999619;0.068496905267
26.450000763;0.064439788461
26.5;0.06428963691
26.549999237;0.062839083374
26.600000381;0.06434918195
26.649999619;0.062892541289
26.700000763;0.064886920154
26.75;0.066564045846
26.799999237;0.067878440022
26.850000381;0.073089599609
26.899999619;0.077723488212
26.950000763;0.079583890736
27.0;0.084669858217
27.049999237;0.087824307382
27.100000381;0.09149312973
27.149999619;0.093240454793
27.200000763;0.096145436168
27.25;0.096618354321
27.299999237;0.095959492028
27.350000381;0.096537135541
27.399999619;0.097481429577
27.450000763;0.095004893839
27.5;0.095920272171
27.549999237;0.09186694026
27.600000381;0.089674971998
27.649999619;0.087641380727
27.700000763;0.085018880665
27.75;0.080211043358
27.799999237;0.077912293375
27.850000381;0.076032951474
27.899999619;0.071269534528
27.950000763;0.071626640856
28.0;0.068529479206
28.049999237;0.067392401397
28.100000381;0.067695640028
28.149999619;0.069127216935
28.200000763;0.069661028683
28.25;0.072919391096
28.299999237;0.075425215065
28.350000381;0.077268116176
28.399999619;0.080858178437
28.450000763;0.085880130529
28.5;0.08980974555
28.549999237;0.0928311795
28.600000381;0.096907690167
28.649999619;0.098531790078
28.700000763;0.099017992616
28.75;0.10077914596
28.799999237;0.10201419145
28.850000381;0.10031277686
28.899999619;0.10121441633
28.950000763;0.098272114992
29.0;0.096582688391
29.049999237;0.094868645072
29.100000381;0.093041449785
29.149999619;0.090095058084
29.200000763;0.088299848139
29.25;0.08828805387
29.299999237;0.084444791079
29.350000381;0.08373516798
29.399999619;0.084370516241
29.450000763;0.084018781781
29.5;0.082769162953
29.549999237;0.085342928767
29.600000381;0.083448141813
29.649999619;0.084371618927
29.700000763;0.083165250719
29.75;0.084954082966
29.799999237;0.08687017113
29.850000381;0.087676905096
29.899999619;0.090339973569
29.950000763;0.09115435183
30.0;0.09297388047
30.049999237;0.093075022101
30.100000381;0.095461666584
30.149999619;0.095203928649
30.200000763;0.095167025924
30.25;0.095158681273
30.299999237;0.093280054629
30.350000381;0.092324994504
30.399999619;0.091597698629
30.450000763;0.089066416025
30.5;0.086327344179
30.549999237;0.08512981981
30.600000381;0.081615895033
30.649999619;0.079671993852
30.700000763;0.077765345573
30.75;0.078033193946
30.799999237;0.076770417392
30.850000381;0.078552410007
30.899999619;0.081055529416
30.950000763;0.082511484623
31.0;0.084326833487
31.049999237;0.085675172508
31.100000381;0.089062303305
31.149999619;0.092593841255
31.200000763;0.094649836421
31.25;0.097403101623
31.299999237;0.09816185385
31.350000381;0.10008835047
31.399999619;0.10264223814
31.450000763;0.10262604058
31.5;0.10338697582
31.549999237;0.10431910306
31.600000381;0.10289055854
31.649999619;0.10247164965
31.700000763;0.10320129246
31.75;0.10132104903
31.799999237;0.10014957935
31.850000381;0.10135871172
31.899999619;0.098810881376
31.950000763;0.09685999155
32.0;0.095340430737
32.049999237;0.090443067253
32.099998474;0.089450217783
32.150001526;0.085916392505
32.200000763;0.084116153419
32.25;0.082426793873
32.299999237;0.079893998802
32.349998474;0.078359380364
32.400001526;0.080053418875
32.450000763;0.08040202409
32.5;0.082093752921
32.549999237;0.083493381739
32.599998474;0.085574857891
32.650001526;0.089176170528
32.700000763;0.09122286737
32.75;0.094323657453
32.799999237;0.097096659243
32.849998474;0.10074488819
32.900001526;0.10036446899
32.950000763;0.10325908661
33.0;0.1042342484
33.049999237;0.10260940343
33.099998474;0.10231041163
33.150001526;0.10170476139
33.200000763;0.10141858459
33.25;0.099639303982
33.299999237;0.098993204534
33.349998474;0.095784969628
33.400001526;0.095066562295
33.450000763;0.093526221812
33.5;0.093533329666
33.549999237;0.091922901571
33.599998474;0.090759307146
33.650001526;0.08982963115
33.700000763;0.08984850347
33.75;0.088819600642
33.799999237;0.089493453503
33.849998474;0.088658846915
33.900001526;0.08589835465
33.950000763;0.087191328406
34.0;0.085475802422
34.049999237;0.085055246949
34.099998474;0.085899956524
34.150001526;0.086209744215
34.200000763;0.085499033332
34.25;0.087751127779
34.299999237;0.090448029339
34.349998474;0.089756675065
34.400001526;0.091662377119
34.450000763;0.092731840909
34.5;0.092961981893
34.549999237;0.093774974346
34.599998474;0.095030277967
34.650001526;0.093192942441
34.700000763;0.094251833856
34.75;0.09453971684
34.799999237;0.094133250415
34.849998474;0.094097457826
34.900001526;0.093447454274
34.950000763;0.092868864536
35.0;0.093518905342
35.049999237;0.092770755291
35.099998474;0.094383828342
35.150001526;0.094380930066
35.200000763;0.094019547105
35.25;0.095625668764
35.299999237;0.097316727042
35.349998474;0.096478760242
35.400001526;0.099093914032
35.450000763;0.099530503154
35.5;0.10057495534
35.549999237;0.10502429307
35.599998474;0.10542156547
35.650001526;0.10614188015
35.700000763;0.1092703566
35.75;0.10930785537
35.799999237;0.10903579742
35.849998474;0.1107770279
35.900001526;0.11033377796
35.950000763;0.10669212788
36.0;0.1076945141
36.049999237;0.10717990994
36.099998474;0.10444937646
36.150001526;0.1048740074
36.200000763;0.10415825248
36.25;0.10169830173
36.299999237;0.1008303687
36.349998474;0.099227756262
36.400001526;0.098679184914
36.450000763;0.096463240683
36.5;0.095289476216
36.549999237;0.094125851989
36.599998474;0.09338761121
36.650001526;0.090725250542
36.700000763;0.091664358974
36.75;0.090691052377
36.799999237;0.092213951051
36.849998474;0.094218283892
36.900001526;0.095885850489
36.950000763;0.097847901285
37.0;0.10066331923
37.049999237;0.1034553647
37.099998474;0.10521317273
37.150001526;0.11002613604
37.200000763;0.11094275862
37.25;0.11039488018
37.299999237;0.11215764284
37.349998474;0.10948016495
37.400001526;0.1077702269
37.450000763;0.1062797606
37.5;0.10368245095
37.549999237;0.098690681159
37.599998474;0.095771834254
37.650001526;0.0921311602
37.700000763;0.089166022837
37.75;0.087804935873
37.799999237;0.086662493646
37.849998474;0.084909722209
37.900001526;0.084828980267
37.950000763;0.085392795503
38.0;0.083697445691
38.049999237;0.085184954107
38.099998474;0.085478261113
38.149501801;0.085040383041
38.199501038;0.085985191166
38.249500275;0.085137754679
38.299499512;0.085451193154
38.349498749;0.083546578884
38.399501801;0.086024127901
38.449501038;0.086701907218
38.499500275;0.087710037827
38.549499512;0.089569985867
38.599498749;0.093048296869
38.649501801;0.094373993576
38.699501038;0.096636272967
38.749500275;0.099519483745
38.799499512;0.099274538457
38.849498749;0.1007874459
38.899501801;0.099258959293
38.949501038;0.09966532886
38.999500275;0.096101462841
39.049499512;0.095365613699
39.099498749;0.091730572283
39.149501801;0.090701147914
39.199501038;0.088775098324
39.249500275;0.086351387203
39.299499512;0.084866687655
39.349498749;0.084043502808
39.399501801;0.084292076528
39.449501038;0.0845137164
39.499500275;0.08903221041
39.549499512;0.090725615621
39.599498749;0.093768030405
39.649501801;0.0963415429
39.699501038;0.10150882602
39.749500275;0.10171414167
39.799499512;0.10585072637
39.849498749;0.10916117579
39.899501801;0.10615190119
39.949501038;0.10968523473
39.999500275;0.10901958495
40.049499512;0.10713691264
40.099498749;0.10681401193
40.149501801;0.10823987424
40.199501038;0.10389579833
40.249500275;0.10502443463
40.299499512;0.1037575826
40.349498749;0.10204451531
40.399501801;0.10072809458
40.449501038;0.10178200155
40.499500275;0.0994406268
40.549499512;0.098771981895
40.599498749;0.096527144313
40.649501801;0.094287984073
40.699501038;0.091712214053
40.749500275;0.08903567493
40.799499512;0.087252184749
40.849498749;0.086489900947
40.899501801;0.084816239774
40.949501038;0.084052070975
40.999500275;0.084456019104
41.049499512;0.083972796798
41.099498749;0.086217559874
41.149501801;0.088196866214
41.199501038;0.086725525558
41.249500275;0.090636491776
41.299499512;0.089562691748
41.349498749;0.08942913264
41.399501801;0.092010714114
41.449501038;0.093472667038
41.499500275;0.091823503375
41.549499512;0.093222141266
41.599498749;0.091197341681
41.649501801;0.088856689632
41.699501038;0.08754491061
41.749500275;0.084929957986
41.799499512;0.083128452301
41.849498749;0.080391429365
41.899501801;0.077676519752
41.949501038;0.075419604778
41.999500275;0.07390421629
42.049499512;0.072622068226
42.099498749;0.071648031473
42.149501801;0.072671681643
42.199501038;0.071362093091
42.249500275;0.071595922112
42.299499512;0.072064273059
42.349498749;0.072591125965
42.399501801;0.074178688228
42.449501038;0.075988784432
42.499500275;0.078059203923
42.549499512;0.079981274903
42.599498749;0.082217849791
42.649501801;0.085087776184
42.699501038;0.088310353458
42.749500275;0.090645343065
42.799499512;0.09316663444
42.849498749;0.094327449799
42.899501801;0.096307039261
42.949501038;0.096116818488
42.999500275;0.094506844878
43.049499512;0.093806914985
43.099498749;0.092500053346
43.149501801;0.090567789972
43.199501038;0.089251838624
43.249500275;0.086763262749
43.299499512;0.084303066134
43.349498749;0.083853192627
43.399501801;0.083577118814
43.449501038;0.082458764315
43.499500275;0.082337409258
43.549499512;0.083319589496
43.599498749;0.083386987448
43.649501801;0.0841909796
43.699501038;0.08619812876
43.749500275;0.086363486946
43.799499512;0.088971354067
43.849498749;0.090940371156
43.899501801;0.093591943383
43.949501038;0.096832036972
43.999500275;0.098505191505
44.049499512;0.098387271166
44.099498749;0.10196595639
44.149501801;0.10338143259
44.199501038;0.10231017321
44.249500275;0.10495074093
44.299499512;0.10411609709
44.349498749;0.10185623169
44.399501801;0.10248173773
44.449501038;0.10269229859
44.499500275;0.099900498986
44.549499512;0.1020007208
44.599498749;0.099879942834
44.649501801;0.096667967737
44.699501038;0.096231684089
44.749500275;0.092389322817
44.799499512;0.08986530453
44.849498749;0.08891107142
44.899501801;0.086113370955
44.949501038;0.081903159618
44.999500275;0.080375358462
45.049499512;0.076379559934
45.099498749;0.077188059688
45.149501801;0.076301850379
45.199501038;0.077351592481
45.249500275;0.075690291822
45.299499512;0.077127538621
45.349498749;0.077144056559
45.399501801;0.078194759786
45.449501038;0.079693086445
45.499500275;0.080470845103
45.549499512;0.082416541874
45.599498749;0.082469798625
45.649501801;0.084140278399
45.699501038;0.085810661316
45.749500275;0.086169853806
45.799499512;0.087380222976
45.849498749;0.088755644858
45.899501801;0.087070055306
45.949501038;0.085304036736
45.999500275;0.083563484251
46.049499512;0.082043021917
46.099498749;0.079992502928
46.149501801;0.077809214592
46.199501038;0.076878845692
46.249500275;0.073859274387
46.299499512;0.073960326612
46.349498749;0.07394515723
46.399501801;0.076654151082
46.449501038;0.079731188715
46.499500275;0.081892646849
46.549499512;0.085575453937
46.599498749;0.087780311704
46.649501801;0.088536739349
46.699501038;0.089719265699
46.749500275;0.091722853482
46.799499512;0.089901395142
46.849498749;0.08923009038
46.899501801;0.089753627777
46.949501038;0.08770519495
46.999500275;0.086767420173
47.049499512;0.087647654116
47.099498749;0.088760696352
47.149501801;0.090064264834
47.199501038;0.091493278742
47.249500275;0.091918475926
47.299499512;0.092163220048
47.349498749;0.094022475183
47.399501801;0.094163835049
47.449501038;0.095025740564
47.499500275;0.093009307981
47.549499512;0.091629378498
47.599498749;0.089204065502
47.649501801;0.087383203208
47.699501038;0.086839526892
47.749500275;0.087088271976
47.799499512;0.087162226439
47.849498749;0.089761152864
47.899501801;0.09209433943
47.949501038;0.092720344663
47.999500275;0.094111695886
48.049499512;0.09733107686
48.099498749;0.098725356162
48.149501801;0.10008917749
48.199501038;0.10014548898
48.249500275;0.097661852837
48.299499512;0.097594939172
48.349498749;0.097477637231
48.399501801;0.095756188035
48.449501038;0.096154801548
48.499500275;0.094836458564
48.549499512;0.09315379709
48.599498749;0.092433810234
48.649501801;0.09215760231
48.699501038;0.091432020068
48.749500275;0.091648258269
48.799499512;0.092881478369
48.849498749;0.091015778482
48.899501801;0.089547984302
48.949501038;0.088457226753
48.999500275;0.086736090481
49.049499512;0.086157955229
49.099498749;0.086387932301
49.149501801;0.084557652473
49.199501038;0.082683503628
49.249500275;0.081746555865
49.299499512;0.08105161041
49.349498749;0.081547603011
49.399501801;0.081507720053
49.449501038;0.081523999572
49.499500275;0.081365577877
49.549499512;0.080243244767
49.599498749;0.080967545509
49.649501801;0.081564322114
49.699501038;0.082864135504
49.749500275;0.084453269839
49.799499512;0.086146779358
49.849498749;0.087134025991
49.899501801;0.086688324809
49.949501038;0.087011680007
49.999500275;0.087562613189
50.049499512;0.087095953524
50.099498749;0.085028678179
50.149501801;0.084051884711
50.199501038;0.081189267337
50.249500275;0.079431712627
50.299499512;0.078554175794
50.349498749;0.079785957932
50.399501801;0.079592674971
50.449501038;0.082159340382
50.499500275;0.083416111767
50.549499512;0.086132213473
50.599498749;0.088383816183
50.649501801;0.090939424932
50.699501038;0.094713546336
50.749500275;0.095078848302
50.799499512;0.096637628973
50.849498749;0.095743633807
50.899501801;0.096206046641
50.949501038;0.093458943069
50.999500275;0.094351693988
51.049499512;0.095544241369
51.099498749;0.093798674643
51.149501801;0.093736611307
51.199501038;0.093862824142
51.249500275;0.094938255847
51.299499512;0.094638064504
51.349498749;0.097487583756
51.399501801;0.097327239811
51.449501038;0.098939493299
51.499500275;0.09964671731
51.549499512;0.099166728556
51.599498749;0.099905148149
51.649501801;0.099662147462
51.699501038;0.10020086914
51.749500275;0.099722288549
51.799499512;0.099218800664
51.849498749;0.098006896675
51.899501801;0.098232187331
51.949501038;0.098316453397
51.999500275;0.10049336404
52.049499512;0.10258711129
52.099498749;0.10418338329
52.149501801;0.10544411093
52.199501038;0.10509158671
52.249500275;0.1089181006
52.299499512;0.10894484073
52.349498749;0.11102917045
52.399501801;0.1097266227
52.449501038;0.10798376054
52.499500275;0.10612729192
52.549499512;0.10630896688
52.599498749;0.10320214927
52.649501801;0.10298002511
52.699501038;0.10314795375
52.749500275;0.10267242044
52.799499512;0.10223585367
52.849498749;0.10266356915
52.899501801;0.10301137716
52.949501038;0.10308463126
52.999500275;0.10490226001
53.049499512;0.10324296355
53.099498749;0.10179765522
53.149501801;0.099792048335
53.199501038;0.098180547357
53.249500275;0.09626300633
53.299499512;0.095017075539
53.349498749;0.094138607383
53.399501801;0.091627314687
53.449501038;0.090851165354
53.499500275;0.090256005526
53.549499512;0.08979780972
53.599498749;0.090734623373
53.649501801;0.091038629413
53.699501038;0.09214708209
53.749500275;0.092656992376
53.799499512;0.092871822417
53.849498749;0.094215795398
53.899501801;0.094873204827
53.949501038;0.095609113574
53.999500275;0.098137930036
54.049499512;0.096598118544
54.099498749;0.097391441464
54.149501801;0.097974710166
54.199501038;0.098907373846
54.249500275;0.10060425103
54.299499512;0.10199748725
54.349498749;0.10296718031
54.399501801;0.10489846766
54.449501038;0.10500586778
54.499500275;0.10528015345
54.549499512;0.10842651874
54.599498749;0.10634227842
54.649501801;0.10827542841
54.699501038;0.10789959133
54.749500275;0.10661716014
54.799499512;0.10694120079
54.849498749;0.10537785292
54.899501801;0.10461177677
54.949501038;0.10638833046
54.999500275;0.10551414639
55.049499512;0.10382890701
55.099498749;0.10530141741
55.149501801;0.10512540489
55.199501038;0.1077895388
55.249500275;0.10814598203
55.299499512;0.10804343224
55.349498749;0.10974126309
55.399501801;0.11113748699
55.449501038;0.11077328026
55.499500275;0.11194402725
55.549499512;0.11390572041
55.599498749;0.11419431865
55.649501801;0.11637315899
55.699501038;0.11585128307
55.749500275;0.11556819826
55.799499512;0.1167377457
55.849498749;0.11662206799
55.899501801;0.11560827494
55.949501038;0.11581491679
55.999500275;0.11458470672
56.049499512;0.11519251764
56.099498749;0.11471279711
56.149501801;0.11494508386
56.199501038;0.1160812825
56.249500275;0.11655980349
56.299499512;0.11587326974
56.349498749;0.11559984833
56.399501801;0.11696811765
56.449501038;0.11605744064
56.499500275;0.11967485398
56.549499512;0.11831234396
56.599498749;0.11743076146
56.649501801;0.11933472008
56.699501038;0.12014600635
56.749500275;0.11973122507
56.799499512;0.12139163166
56.849498749;0.12119610608
56.899501801;0.11986726522
56.949501038;0.12151756138
56.999500275;0.12070024014
57.049499512;0.1212175563
57.099498749;0.11978673935
57.149501801;0.11980522424
57.199501038;0.11828170717
57.249500275;0.11676315963
57.299499512;0.11422939599
57.349498749;0.11367852986
57.399501801;0.11159434915
57.449501038;0.10959341377
57.499500275;0.10831926018
57.549499512;0.10541325808
57.599498749;0.10268045217
57.649501801;0.1005390659
57.699501038;0.10007742047
57.749500275;0.097613893449
57.799499512;0.098438732326
57.849498749;0.096464529634
57.899501801;0.096531324089
57.949501038;0.098164923489
57.999500275;0.098731473088
58.049499512;0.10064941645
58.099498749;0.10403086245
58.149501801;0.10600110888
58.199501038;0.10767149925
58.249500275;0.11046370864
58.299499512;0.11181519926
58.349498749;0.11579158902
58.399501801;0.11575673521
58.449501038;0.11757389456
58.499500275;0.11742075533
58.549499512;0.11649491638
58.599498749;0.11588482559
58.649501801;0.11477734894
58.699501038;0.11412864923
58.749500275;0.11289447546
58.799499512;0.11252881587
58.849498749;0.11028560996
58.899501801;0.11113692075
58.949501038;0.11086376011
58.999500275;0.11244378239
59.049499512;0.11202564836
59.099498749;0.11363623291
59.149501801;0.11442622542
59.199501038;0.11377283931
59.249500275;0.11444821954
59.299499512;0.11594637483
59.349498749;0.11592272669
59.399501801;0.11618471891
59.449501038;0.11756902188
59.499500275;0.11724940687
59.549499512;0.11885637045
59.599498749;0.12012770772
59.649501801;0.12143172324
59.699501038;0.12338463217
59.749500275;0.12435845286
59.799499512;0.12294427305
59.849498749;0.12424236536
59.899501801;0.12365240604
59.949501038;0.12225455791
59.999500275;0.12320880592
60.049499512;0.12099366635
60.099498749;0.11983031034
60.149501801;0.11989864707
60.199501038;0.11948235333
60.249500275;0.11874573678
60.299499512;0.12066412717
60.349498749;0.12042748928
60.399501801;0.12300563604
60.449501038;0.12181412429
60.499500275;0.12350541353
60.549499512;0.12438786775
60.599498749;0.12407632917
60.649501801;0.12649805844
60.699501038;0.12407059968
60.749500275;0.12464040518
60.799499512;0.12452568859
60.849498749;0.1229653582
60.899501801;0.12110611051
60.949501038;0.12189542502
60.999500275;0.12039254606
61.049499512;0.11891745776
61.099498749;0.11948485672
61.149501801;0.1170752123
61.199501038;0.11819471419
61.249500275;0.11776766181
61.299499512;0.11710433662
61.349498749;0.11593869328
61.399501801;0.11460915208
61.449501038;0.11340038478
61.499500275;0.11146190763
61.549499512;0.10782168061
61.599498749;0.10604522377
61.649501801;0.10366435349
61.699501038;0.10145685077
61.749500275;0.099435374141
61.799499512;0.097792230546
61.849498749;0.09713948518
61.899501801;0.09517481178
61.949501038;0.097906447947
61.999500275;0.096861995757
62.049499512;0.098348498344
62.099498749;0.10125098377
62.149501801;0.10332395136
62.199501038;0.10587513447
62.249500275;0.10972301662
62.299499512;0.10957095027
62.349498749;0.11185185611
62.399501801;0.11336234212
62.449501038;0.11118689924
62.499500275;0.11105100811
62.549499512;0.10869645327
62.599498749;0.1062265709
62.649501801;0.10458706319
62.699501038;0.10218968987
62.749500275;0.10105721653
62.799499512;0.1013238728
62.849498749;0.10124526173
62.899501801;0.10238064826
62.949501038;0.10310935229
62.999500275;0.10386005789
63.049499512;0.10636255145
63.099498749;0.10704996437
63.149501801;0.10776288807
63.199501038;0.10611528158
63.249500275;0.10747282952
63.299499512;0.10746141523
63.349498749;0.10682869703
63.399501801;0.10722310096
63.449501038;0.10753917694
63.499500275;0.10945574194
63.549499512;0.10980204493
63.599498749;0.11072951555
63.649501801;0.1117419675
63.699501038;0.11468771845
63.749500275;0.115147762
63.799499512;0.11706719548
63.849498749;0.1172574088
63.899501801;0.1164970994
63.949501038;0.11727446318
63.999500275;0.1148166731
64.049499512;0.11383542418
64.099502563;0.11259197444
64.149497986;0.10983964801
64.199501038;0.10779497772
64.24949646;0.10780022293
64.299499512;0.10551501811
64.349502563;0.10825704783
64.399497986;0.10958617181
64.449501038;0.11078285426
64.49949646;0.11260830611
64.549499512;0.11152851582
64.599502563;0.11308899522
64.649497986;0.11603481323
64.699501038;0.11528491974
64.74949646;0.11573883891
64.799499512;0.11600322276
64.849502563;0.11281248182
64.899497986;0.11413140595
64.949501038;0.11363784224
64.99949646;0.11245971173
65.049499512;0.11427085847
65.099502563;0.11112136394
65.149497986;0.11122664809
65.199501038;0.11076705158
65.24949646;0.10864823312
65.299499512;0.1091106236
65.349502563;0.10885184258
65.399497986;0.10564506799
65.449501038;0.10436695814
65.49949646;0.10095376521
65.549499512;0.098924033344
65.599502563;0.099487394094
65.649497986;0.096320107579
65.699501038;0.095206946135
65.74949646;0.09063141793
65.799499512;0.088361680508
65.849502563;0.087660722435
65.899497986;0.087104283273
65.949501038;0.086131088436
65.99949646;0.0874106884
66.049499512;0.087866932154
66.099502563;0.090128064156
66.149497986;0.093213163316
66.199501038;0.09638492018
66.24949646;0.10269971192
66.299499512;0.10480205715
66.349502563;0.10695019364
66.399497986;0.10759869963
66.449501038;0.10842483491
66.49949646;0.10803951323
66.549499512;0.10842637718
66.599502563;0.10522048175
66.649497986;0.10313130915
66.699501038;0.10249535739
66.74949646;0.10053244233
66.799499512;0.10104727
66.849502563;0.10147923976
66.899497986;0.10076553375
66.949501038;0.10140003264
66.99949646;0.10215226561
67.049499512;0.099565975368
67.099502563;0.10030139238
67.149497986;0.097614943981
67.199501038;0.097090609372
67.24949646;0.095663689077
67.299499512;0.092849127948
67.349502563;0.093086853623
67.399497986;0.094134442508
67.449501038;0.094673782587
67.49949646;0.094461612403
67.549499512;0.096308544278
67.599502563;0.095855772495
67.649497986;0.098979510367
67.699501038;0.099844299257
67.74949646;0.10123287886
67.799499512;0.10315000266
67.849502563;0.10566330701
67.899497986;0.1075802967
67.949501038;0.10979028791
67.99949646;0.11027738452
68.049499512;0.1105132252
68.099502563;0.11273670942
68.149497986;0.1106063202
68.199501038;0.10977532715
68.24949646;0.10722332448
68.299499512;0.10569240898
68.349502563;0.10418134183
68.399497986;0.10134510696
68.449501038;0.10109217465
68.49949646;0.10007695109
68.549499512;0.098889119923
68.599502563;0.097893342376
68.649497986;0.096529878676
68.699501038;0.095935799181
68.74949646;0.097954854369
68.799499512;0.096269264817
68.849502563;0.098145850003
68.899497986;0.097887411714
68.949501038;0.098809204996
68.99949646;0.10040383786
69.049499512;0.10128184408
69.099502563;0.10333694518
69.149497986;0.10443844646
69.199501038;0.10315646976
69.24949646;0.10309103131
69.299499512;0.10381453484
69.349502563;0.10158210248
69.399497986;0.10323961079
69.449501038;0.10242436081
69.49949646;0.10062180459
69.549499512;0.099013648927
69.599502563;0.098009370267
69.649497986;0.095184646547
69.699501038;0.094701193273
69.74949646;0.09223074466
69.799499512;0.086614370346
69.849502563;0.083862826228
69.899497986;0.080808341503
69.949501038;0.081062801182
69.99949646;0.080876871943
70.049499512;0.080948136747
70.099502563;0.083485677838
70.149497986;0.085334129632
70.199501038;0.087536819279
70.24949646;0.092544510961
70.299499512;0.097401924431
70.349502563;0.099873393774
70.399497986;0.1017928943
70.449501038;0.10157658905
70.49949646;0.10138036311
70.549499512;0.10021939874
70.599502563;0.10141351819
70.649497986;0.10115210712
70.699501038;0.10009354353
70.74949646;0.10043971986
70.799499512;0.09922978282
70.849502563;0.099784329534
70.899497986;0.10070870817
70.949501038;0.10182600468
70.99949646;0.10076165199
71.049499512;0.09942176193
71.099502563;0.09777905792
71.149497986;0.095546960831
71.199501038;0.094740599394
71.24949646;0.092957004905
71.299499512;0.09030675143
71.349502563;0.089202791452
71.399497986;0.087905362248
71.449501038;0.088069051504
71.49949646;0.088579371572
71.549499512;0.090804882348
71.599502563;0.090962611139
71.649497986;0.091196753085
71.699501038;0.09288161248
71.74949646;0.094625964761
71.799499512;0.0972192958
71.849502563;0.10107953846
71.899497986;0.10371065885
71.949501038;0.10593761504
71.99949646;0.10903120041
72.049499512;0.10994109511
72.099502563;0.1117849499
72.149497986;0.11162409931
72.199501038;0.10978129506
72.24949646;0.10791823268
72.299499512;0.10347095132
72.349502563;0.10087545961
72.399497986;0.098143815994
72.449501038;0.095625884831
72.49949646;0.093163870275
72.549499512;0.091697603464
72.599502563;0.092182427645
72.649497986;0.092203915119
72.699501038;0.093271806836
72.74949646;0.095108292997
72.799499512;0.09552269429
72.849502563;0.096568308771
72.899497986;0.096594579518
72.949501038;0.096621833742
72.99949646;0.098320782185
73.049499512;0.097587808967
73.099502563;0.097802437842
73.149497986;0.098046593368
73.199501038;0.09784348309
73.24949646;0.1003863588
73.299499512;0.097804151475
73.349502563;0.099089808762
73.399497986;0.098876677454
73.449501038;0.097567364573
73.49949646;0.097068920732
73.549499512;0.096613176167
73.599502563;0.094009719789
73.649497986;0.092845596373
73.699501038;0.090347282588
73.74949646;0.08882329613
73.799499512;0.086836002767
73.849502563;0.084617905319
73.899497986;0.085462249815
73.949501038;0.08439899981
73.99949646;0.085375025868
74.049499512;0.084665358067
74.099502563;0.086229130626
74.149497986;0.087062522769
74.199501038;0.087812796235
74.24949646;0.090056434274
74.299499512;0.091880485415
74.349502563;0.094465620816
74.399497986;0.095602720976
74.449501038;0.096911966801
74.49949646;0.097803384066
74.549499512;0.098145231605
74.599502563;0.09927007556
74.649497986;0.10001754016
74.699501038;0.10000543296
74.74949646;0.10018501431
74.799499512;0.10171248764
74.849502563;0.10172344744
74.899497986;0.10162661225
74.949501038;0.10212161392
74.99949646;0.10190616548
75.049499512;0.10133891553
75.099502563;0.1031030491
75.149497986;0.10103777796
75.199501038;0.10118284822
75.24949646;0.10016740859
75.299499512;0.099391624331
75.349502563;0.098057217896
75.399497986;0.09766959399
75.449501038;0.096930190921
75.49949646;0.097814522684
75.549499512;0.09758862108
75.599502563;0.096527017653
75.649497986;0.096628032625
75.699501038;0.09632538259
75.74949646;0.096035212278
75.799499512;0.095561251044
75.849502563;0.097251616418
75.899497986;0.097797468305
75.949501038;0.099572204053
75.99949646;0.10175626725
76.049499512;0.10468861461
76.099502563;0.10704039782
76.149497986;0.10835318267
76.199501038;0.11100012064
76.24949646;0.1113897711
76.299499512;0.11202378571
76.349502563;0.11157181114
76.399497986;0.10939129442
76.449501038;0.10930185765
76.49949646;0.10871478915
76.549499512;0.10610667616
76.599502563;0.10703604668
76.649497986;0.10767237842
76.699501038;0.10635890067
76.74949646;0.10670176893
76.799499512;0.10532549024
76.849502563;0.10664629936
76.899497986;0.10610553622
76.949501038;0.10624277592
76.99949646;0.10467875004
77.049499512;0.10327664763
77.099502563;0.10195503384
77.149497986;0.1016478166
77.199501038;0.10118410736
77.24949646;0.10205740482
77.299499512;0.10091627389
77.349502563;0.099657200277
77.399497986;0.10092180967
77.449501038;0.099941365421
77.49949646;0.10397739708
77.549499512;0.10485944897
77.599502563;0.10442136228
77.649497986;0.10504427552
77.699501038;0.1054456383
77.74949646;0.10540598631
77.799499512;0.10576401651
77.849502563;0.10545512289
77.899497986;0.10543113947
77.949501038;0.10559947044
77.99949646;0.10465055704
78.049499512;0.10634382069
78.099502563;0.10610933602
78.149497986;0.10778760165
78.199501038;0.10736722499
78.24949646;0.10621596873
78.299499512;0.10695143044
78.349502563;0.10588525981
78.399497986;0.10650464892
78.449501038;0.10688664019
78.49949646;0.10411369801
78.549499512;0.10276865959
78.599502563;0.10273249447
78.649497986;0.1016177386
78.699501038;0.10377570987
78.74949646;0.10489614308
78.799499512;0.1062829718
78.849502563;0.10760991275
78.899497986;0.10761292279
78.949501038;0.10982420295
78.99949646;0.1109110266
79.049499512;0.11264363676
79.099502563;0.11261311918
79.149497986;0.11215069145
79.199501038;0.11335332692
79.24949646;0.11245381832
79.299499512;0.11100275069
79.349502563;0.11167430878
79.399497986;0.11108268797
79.449501038;0.10970661789
79.49949646;0.10776341707
79.549499512;0.10631529987
79.599502563;0.10531207174
79.649497986;0.10300778598
79.699501038;0.10159713775
79.74949646;0.098939426243
79.799499512;0.099446937442
79.849502563;0.10001089424
79.899497986;0.10047321022
79.949501038;0.10252837092
79.99949646;0.10469774902
80.049499512;0.10501373559
80.099502563;0.10609775037
80.149497986;0.10832475871
80.199501038;0.10889107734
80.24949646;0.11017099023
80.299499512;0.11203400046
80.349502563;0.089911058545
80.399497986;0.099511377513
80.449501038;0.11082971841
80.49949646;0.087758794427
80.549499512;0.094499960542
80.599502563;0.093440525234
80.649497986;0.088098190725
80.699501038;0.1092209518
80.74949646;0.089351780713
80.799499512;0.1108443886
80.849502563;0.10831656307
80.899497986;0.091091319919
80.949501038;0.099031127989
80.99949646;0.10284128785
81.049499512;0.10622644424
81.099502563;0.094192579389
81.149497986;0.099385730922
81.199501038;0.10417664796
81.24949646;0.089614354074
81.299499512;0.10352060199
81.349502563;0.09707415849
81.399497986;0.10726618767
81.449501038;0.10131917149
81.49949646;0.1078222394
81.549499512;0.090697996318
81.599502563;0.12823414803
81.649497986;0.099816128612
81.699501038;0.1100255996
81.74949646;0.092192977667
81.799499512;0.1038428545
81.849502563;0.13166892529
81.899497986;0.11305696517
81.949501038;0.10331600904
81.99949646;0.12721113861
82.049499512;0.12585575879
82.099502563;0.11441059411
82.149497986;0.10628005862
82.199501038;0.1497811228
82.24949646;0.14112444222
82.299499512;0.11127699167
82.349502563;0.1287433356
82.399497986;0.12067418545
82.449501038;0.12791727483
82.49949646;0.10894160718
82.549499512;0.11629939824
82.599502563;0.14021649957
82.649497986;0.11884570867
82.699501038;0.095528319478
82.74949646;0.11639011651
82.799499512;0.10975684971
82.849502563;0.11450707912
82.899497986;0.10375102609
82.949501038;0.10921888053
82.99949646;0.10457845777
83.049499512;0.093189328909
83.099502563;0.099709369242
83.149497986;0.10026825964
83.199501038;0.083258613944
83.24949646;0.10626703501
83.299499512;0.11965218186
83.349502563;0.12338692695
83.399497986;0.07815477252
83.449501038;0.11179693788
83.49949646;0.1185240671
83.549499512;0.096093714237
83.599502563;0.10650028288
83.649497986;0.11396169662
83.699501038;0.11257634312
83.74949646;0.089875936508
83.799499512;0.092731669545
83.849502563;0.10621675849
83.899497986;0.11249700189
83.949501038;0.073797747493
83.99949646;0.097839549184
84.049499512;0.13180106878
84.099502563;0.10581540316
84.149497986;0.074683830142
84.199501038;0.099968522787
84.24949646;0.12783369422
84.299499512;0.10066410154
84.349502563;0.08307916671
84.399497986;0.10495237261
84.449501038;0.11422766745
84.49949646;0.089701898396
84.549499512;0.072960041463
84.599502563;0.12719984353
84.649497986;0.10834632814
84.699501038;0.095318384469
84.74949646;0.077739916742
84.799499512;0.1178881079
84.849502563;0.088670097291
84.899497986;0.074954837561
84.949501038;0.097561486065
84.99949646;0.11434058845
85.049499512;0.070685729384
85.099502563;0.066802762449
85.149497986;0.12026312202
85.199501038;0.072613224387
85.24949646;0.049078788608
85.299499512;0.11686543375
85.349502563;0.11670356989
85.399497986;0.084346592426
85.449501038;0.055928982794
85.49949646;0.10809912533
85.549499512;0.10592135787
85.599502563;0.071921899915
85.649497986;0.075582429767
85.699501038;0.10796646774
85.74949646;0.10477304459
85.799499512;0.06983011961
85.849502563;0.059322040528
85.899497986;0.12999485433
85.949501038;0.084983572364
85.99949646;0.082486741245
86.049499512;0.12076717615
86.099502563;0.099246554077
86.149497986;0.077953182161
86.199501038;0.09368198365
86.24949646;0.094572000206
86.299499512;0.096229106188
86.349502563;0.09895376116
86.399497986;0.081878103316
86.449501038;0.098582603037
86.49949646;0.1006615907
86.549499512;0.076377220452
86.599502563;0.091787733138
86.649497986;0.11917291582
86.699501038;0.090566642582
86.74949646;0.077160902321
86.799499512;0.10103286803
86.849502563;0.095980465412
86.899497986;0.083809457719
86.949501038;0.066051140428
86.99949646;0.13180483878
87.049499512;0.09789738059
87.099502563;0.066223062575
87.149497986;0.10623417795
87.199501038;0.10125821084
87.24949646;0.089111857116
87.299499512;0.066995151341
87.349502563;0.11953289062
87.399497986;0.11181627214
87.449501038;0.0759729743
87.49949646;0.069283507764
87.549499512;0.098033890128
87.599502563;0.11647067964
87.649497986;0.083938442171
87.699501038;0.095687694848
87.74949646;0.12311422825
87.799499512;0.092737153172
87.849502563;0.070978403091
87.899497986;0.11525793374
87.949501038;0.092075221241
87.99949646;0.10738508403
88.049499512;0.081887491047
88.099502563;0.094867683947
88.149497986;0.10646849126
88.199501038;0.076592318714
88.24949646;0.09791495651
88.299499512;0.12075658143
88.349502563;0.10543677211
88.399497986;0.10397861153
88.449501038;0.096523307264
88.49949646;0.11759394407
88.549499512;0.092772170901
88.599502563;0.088537208736
88.649497986;0.12921606004
88.699501038;0.10996089876
88.74949646;0.1016946286
88.799499512;0.092429101467
88.849502563;0.14455533028
88.899497986;0.071829400957
88.949501038;0.12236002088
88.99949646;0.12043407559
89.049499512;0.098451636732
89.099502563;0.086048282683
89.149497986;0.081150107086
89.199501038;0.11178389937
89.24949646;0.091817907989
89.299499512;0.057506084442
89.349502563;0.13628906012
89.399497986;0.1129611209
89.449501038;0.088943906128
89.49949646;0.093454003334
89.549499512;0.08743005991
89.599502563;0.13863709569
89.649497986;0.066899858415
89.699501038;0.13611364365
89.74949646;0.10845462978
89.799499512;0.097581386566
89.849502563;0.12577694654
89.899497986;0.070366635919
89.949501038;0.11204802245
89.99949646;0.14173679054
90.049499512;0.13201712072
90.099502563;-0.033088289201
90.149497986;-0.091023720801
90.199501038;-0.089592672884
90.24949646;-0.074255920947
90.299499512;0.03265562281
90.349502563;0.017061391845
90.399497986;-0.076147064567
90.449501038;-0.079780675471
90.49949646;-0.028840139508
90.549499512;-0.01034800522
90.599502563;-0.048316884786
90.649497986;0.046986769885
90.699501038;0.060502562672
90.74949646;-0.077632255852
90.799499512;-0.15621438622
90.849502563;-0.15011143684
90.899497986;-0.030394533649
90.949501038;-0.04201618582
90.99949646;-0.12466879189
91.049499512;0.050316683948
91.099502563;0.041861917824
91.149497986;-0.056040491909
91.199501038;0.1055829376
91.24949646;0.12468147278
91.299499512;0.084450311959
91.349502563;0.040265273303
91.399497986;0.021688744426
91.449501038;0.06641099602
91.49949646;0.044991675764
91.549499512;-0.037348143756
91.599502563;-0.052032105625
91.649497986;-0.013674361631
91.699501038;0.024463251233
91.74949646;0.034202817827
91.799499512;0.01391250547
91.849502563;-0.05190230906
91.899497986;-0.0095802508295
91.949501038;-0.074305176735
91.99949646;-0.11291247606
92.049499512;-0.12832628191
92.099502563;-0.061948992312
92.149497986;-0.12494945526
92.199501038;-0.13110770285
92.24949646;0.059764787555
92.299499512;0.10259718448
92.349502563;0.096949569881
92.399497986;0.070274859667
92.449501038;0.098575569689
92.49949646;0.11838436872
92.549499512;0.055210374296
92.599502563;-0.0079467827454
92.649497986;0.091583527625
92.699501038;0.03192448616
92.74949646;-0.059418477118
92.799499512;0.0013184434501
92.849502563;0.066766373813
92.899497986;0.059108681977
92.949501038;-0.036462679505
92.99949646;-0.070536904037
93.049499512;0.020218908787
93.099502563;0.074930042028
93.149497986;-0.051404699683
93.199501038;-0.09199218452
93.24949646;-0.042114421725
93.299499512;-0.080502957106
93.349502563;-0.10611055046
93.399497986;-0.11980481446
93.449501038;0.057953003794
93.49949646;0.023844847456
93.549499512;0.049298502505
93.599502563;0.059214446694
93.649497986;0.11695323139
93.699501038;0.10054150969
93.74949646;0.10698568821
93.799499512;0.090953573585
93.849502563;0.052366349846
93.899497986;0.033751685172
93.949501038;0.090293467045
93.99949646;0.057589638978
94.049499512;0.010254984722
94.099502563;0.028467509896
94.149497986;0.063210487366
94.199501038;0.010726383887
94.24949646;-0.05972321704
94.299499512;-0.001459550811
94.349502563;-0.054343901575
94.399497986;-0.085862316191
94.449501038;-0.078804522753
94.49949646;-0.09500208497
94.549499512;-0.073661439121
94.599502563;-0.089668050408
94.649497986;-0.12022590637
94.699501038;-0.076196052134
94.74949646;-0.077329076827
94.799499512;0.033719941974
94.849502563;0.028474794701
94.899497986;-0.025387311354
94.949501038;0.064779303968
94.99949646;0.067589066923
95.049499512;0.099299699068
95.099502563;0.1102565378
95.149497986;0.077339537442
95.199501038;0.083813197911
95.24949646;0.073390968144
95.299499512;0.076588839293
95.349502563;0.041702069342
95.399497986;0.05619584024
95.449501038;0.04486458376
95.49949646;-0.040734414011
95.549499512;-0.054141148925
95.599502563;-0.061418257654
95.649497986;-0.059142820537
95.699501038;-0.062857791781
95.74949646;-0.078411385417
95.799499512;-0.11385241151
95.849502563;-0.087689653039
95.899497986;-0.085841424763
95.949501038;-0.080978505313
95.99949646;-0.11531879753
96.049499512;-0.12398351729
96.099502563;-0.011305617169
96.149497986;0.032554287463
96.199501038;0.030381955206
96.24949646;0.077110640705
96.299499512;0.11659684032
96.349502563;0.10290035605
96.399497986;0.10417290032
96.449501038;0.085026212037
96.49949646;0.083697333932
96.549499512;0.072534650564
96.599502563;0.07011654228
96.649497986;0.0035355750006
96.699501038;0.034837670624
96.74949646;0.023683568463
96.799499512;-0.055897388607
96.849502563;-0.045602664351
96.899497986;-0.043661989272
96.949501038;-0.06582390517
96.99949646;-0.081027500331
97.049499512;-0.081711053848
97.099502563;-0.0514504686
97.149497986;-0.11388768256
97.199501038;-0.11431973428
97.24949646;-0.086710989475
97.299499512;0.0031446430366
97.349502563;-0.098073609173
97.399497986;-0.03074683249
97.449501038;0.070579491556
97.49949646;0.12030726671
97.549499512;0.11155583709
97.599502563;0.10428074747
97.649497986;0.11168836057
97.699501038;0.10119984299
97.74949646;0.078527539968
97.799499512;0.065281949937
97.849502563;0.080295532942
97.899497986;0.065856046975
97.949501038;0.050419013947
97.99949646;-0.046531908214
98.049499512;-0.0065111070871
98.099502563;-0.017568431795
98.149497986;-0.035140704364
98.199501038;-0.071054272354
98.24949646;-0.053718745708
98.299499512;-0.069674104452
98.349502563;-0.103027381
98.399497986;-0.10127443075
98.449501038;-0.1033525914
98.49949646;-0.11125864089
98.549499512;-0.099025420845
98.599502563;-0.11173020303
98.649497986;-0.077146746218
98.699501038;-0.0012500681914
98.74949646;0.1069643572
98.799499512;0.12346325815
98.849502563;0.10094899684
98.899497986;0.10807652026
98.949501038;0.10470423102
98.99949646;0.085156045854
99.049499512;0.080679409206
99.099502563;0.072755247355
99.149497986;0.083229348063
99.199501038;0.040047474205
99.24949646;0.065528079867
99.299499512;0.051615539938
99.349502563;-0.023012017831
99.399497986;-0.059869963676
99.449501038;-0.060704257339
99.49949646;-0.079493783414
99.549499512;-0.092070885003
99.599502563;-0.094332762063
99.649497986;-0.098426997662
99.699501038;-0.10437962413
99.74949646;-0.11805275828
99.799499512;-0.07833801955
99.849502563;-0.052035830915
99.899497986;-0.088418252766
99.949501038;-0.10896614194
