Time [s];Movement [mm]
0.0;0.0
0.049499999732;0.0
0.099500000477;0.0
0.1494999975;0.0
0.19949999452;0.0
0.24950000644;0.0
0.29949998856;0.0
0.34950000048;0.0
0.3995000124;0.0
0.44949999452;-0.003126913216
0.49950000644;-0.020650804043
0.55000001192;-0.054533194751
0.60000002384;-0.067192658782
0.64999997616;-0.065967157483
0.69999998808;-0.077717319131
0.75;-0.10356387496
0.80000001192;-0.091348327696
0.85000002384;-0.087897062302
0.89999997616;-0.083719260991
0.94999998808;-0.066469728947
1.0;-0.054433565587
1.0499999523;-0.039484713227
1.1000000238;-0.029108637944
1.1499999762;-0.0084337256849
1.2000000477;0.0041559804231
1.25;0.00082138221478
1.2999999523;-0.0041572507471
1.3500000238;-0.0016109257704
1.3999999762;0.0038513040636
1.4500000477;0.0023423642851
1.5;-0.0034064429346
1.5499999523;-0.0029893147293
1.6000000238;0.0028387133498
1.6499999762;0.0035284422338
1.7000000477;-0.0021685927641
1.75;-0.0057728970423
1.7999999523;-0.030959380791
1.8500000238;-0.037183754146
1.8999999762;-0.049480214715
1.9500000477;-0.05974843353
2.0;-0.072825945914
2.0499999523;-0.082552529871
2.0999999046;-0.076309576631
2.1500000954;-0.059924662113
2.2000000477;-0.023607702926
2.25;0.027597622946
2.2999999523;-0.010684769601
2.3499999046;-0.032601859421
2.4000000954;0.0044930353761
2.4500000477;0.033455174416
2.4995000362;0.00072079728125
2.5494999886;-0.033865489066
2.5994999409;-0.0071525196545
2.6494998932;0.020649317652
2.6995000839;-0.019838508219
2.7495000362;-0.026428777725
2.7994999886;0.0035977349617
2.8494999409;-0.028004691005
2.8994998932;-0.042166087776
2.9495000839;-0.06051614508
2.9995000362;-0.047280553728
3.0494999886;-0.047943450511
3.0994999409;-0.058284148574
3.1494998932;-0.06964559108
3.1995000839;-0.067774653435
3.2495000362;-0.056632444263
3.2994999886;-0.059261638671
3.3494999409;-0.068159535527
3.3994998932;-0.061547137797
3.4495000839;-0.047913286835
3.4995000362;-0.037267345935
3.5494999886;-0.036367092282
3.5994999409;-0.033859264106
3.6494998932;-0.019714929163
3.6995000839;-0.0038467065897
3.7495000362;-0.0083457194269
3.7994999886;-0.019395142794
3.8494999409;-0.0042343791574
3.8994998932;-0.0017637490528
3.9495000839;-0.0081302234903
3.9995000362;-0.015888011083
4.0494999886;-0.031508795917
4.0995001793;-0.026279328391
4.1494998932;-0.035646446049
4.1995000839;-0.051538322121
4.2494997978;-0.070937506855
4.2994999886;-0.084001652896
4.3495001793;-0.083731986582
4.3994998932;-0.091940648854
4.4495000839;-0.1044337377
4.4994997978;-0.099259011447
4.5494999886;-0.094046197832
4.5995001793;-0.077513493598
4.6494998932;-0.075384132564
4.6995000839;-0.074871741235
4.7494997978;-0.057852547616
4.7994999886;-0.041914787143
4.8495001793;-0.030232446268
4.8994998932;-0.030529372394
4.9499998093;-0.024198763072
5.0;-0.02052889578
5.0500001907;-0.01800743863
5.0999999046;-0.027809895575
5.1500000954;-0.032511301339
5.1999998093;-0.039550453424
5.25;-0.042781990021
5.3000001907;-0.054548595101
5.3499999046;-0.066364407539
5.4000000954;-0.074149899185
5.4499998093;-0.081025198102
5.5;-0.08540572226
5.5500001907;-0.096378989518
5.5999999046;-0.10223425925
5.6500000954;-0.10279430449
5.6999998093;-0.10080610961
5.75;-0.1020603776
5.8000001907;-0.10367906094
5.8499999046;-0.097911424935
5.9000000954;-0.0904847458
5.9499998093;-0.083615481853
6.0;-0.082210898399
6.0500001907;-0.073586888611
6.0999999046;-0.065230377018
6.1500000954;-0.054258555174
6.1999998093;-0.052885014564
6.25;-0.053517159075
6.3000001907;-0.050840411335
6.3499999046;-0.046539638191
6.4000000954;-0.046285942197
6.4499998093;-0.055795822293
6.5;-0.060315560549
6.5500001907;-0.065800890326
6.5999999046;-0.066675275564
6.6500000954;-0.076905816793
6.6999998093;-0.085549332201
6.75;-0.091774120927
6.8000001907;-0.095420211554
6.8499999046;-0.097585611045
6.9000000954;-0.10435576737
6.9499998093;-0.10563701391
7.0;-0.10063830018
7.0500001907;-0.095682315528
7.0999999046;-0.094213724136
7.1500000954;-0.088025920093
7.1999998093;-0.079296223819
7.25;-0.070538684726
7.3000001907;-0.064418293536
7.3499999046;-0.060283381492
7.4000000954;-0.055911708623
7.4499998093;-0.048730194569
7.5;-0.045075718313
7.5500001907;-0.045535027981
7.5999999046;-0.046225123107
7.6500000954;-0.047923866659
7.6999998093;-0.049210589379
7.75;-0.05552219227
7.8000001907;-0.063736379147
7.8499999046;-0.071159139276
7.9000000954;-0.077458746731
7.9499998093;-0.084880612791
8.0;-0.09438419342
8.0500001907;-0.10095396638
8.1000003815;-0.10472439229
8.1499996185;-0.10721225291
8.1999998093;-0.11080026627
8.25;-0.11204945296
8.3000001907;-0.1098574549
8.3500003815;-0.10453669727
8.3999996185;-0.098451167345
8.4499998093;-0.093228138983
8.5;-0.087859973311
8.5500001907;-0.0793723315
8.6000003815;-0.070998124778
8.6499996185;-0.065489523113
8.6999998093;-0.06326315552
8.75;-0.059940978885
8.8000001907;-0.056652255356
8.8500003815;-0.056952189654
8.8999996185;-0.059140939265
8.9499998093;-0.06297314167
9.0;-0.069070339203
9.0500001907;-0.074733220041
9.1000003815;-0.082641035318
9.1499996185;-0.092171706259
9.1999998093;-0.099718935788
9.25;-0.10691013932
9.3000001907;-0.11382526159
9.3500003815;-0.11900045723
9.3999996185;-0.12342486531
9.4495000839;-0.12568488717
9.4995002747;-0.12603263557
9.5495004654;-0.126072824
9.5994997025;-0.12329337001
9.6494998932;-0.11843892932
9.6995000839;-0.11211621016
9.7495002747;-0.1050016582
9.7995004654;-0.098690323532
9.8494997025;-0.091659203172
9.8994998932;-0.086159750819
9.9495000839;-0.08189432323
9.9995002747;-0.080241709948
10.049500465;-0.080852076411
10.099499702;-0.080906100571
10.149499893;-0.082360170782
10.199500084;-0.086969032884
10.249500275;-0.0924269557
10.299500465;-0.096912384033
10.349499702;-0.10148593038
10.399499893;-0.10696992278
10.449500084;-0.11353073269
10.499500275;-0.11860083789
10.549500465;-0.1225726828
10.599499702;-0.1241498068
10.649499893;-0.12552256882
10.699500084;-0.12574401498
10.749500275;-0.12383295596
10.799500465;-0.11830835789
10.849499702;-0.11081248522
10.899499893;-0.10493821651
10.949500084;-0.099815271795
10.999500275;-0.091420300305
11.049500465;-0.082154452801
11.099499702;-0.077703148127
11.149499893;-0.073804706335
11.199500084;-0.071106851101
11.249500275;-0.06735124439
11.299500465;-0.066406816244
11.349499702;-0.066439218819
11.399499893;-0.067722037435
11.449500084;-0.068437546492
11.499500275;-0.070919901133
11.549500465;-0.072164490819
11.599499702;-0.076846681535
11.649499893;-0.081229992211
11.699500084;-0.085512079298
11.749500275;-0.090481743217
11.799500465;-0.095452949405
11.849499702;-0.099081128836
11.899499893;-0.10207223147
11.949500084;-0.10414034873
11.999500275;-0.1052044481
12.049500465;-0.10527855158
12.099499702;-0.10313005
12.149499893;-0.099633231759
12.199500084;-0.094999827445
12.249500275;-0.090869799256
12.299500465;-0.087445512414
12.349499702;-0.081871308386
12.399499893;-0.078228861094
12.449500084;-0.076032966375
12.499500275;-0.074813850224
12.549500465;-0.071887589991
12.599499702;-0.070785455406
12.649499893;-0.070959582925
12.699500084;-0.071519203484
12.749500275;-0.073783114552
12.799500465;-0.07667401433
12.849499702;-0.081312283874
12.899499893;-0.08654730022
12.949500084;-0.090984039009
12.999500275;-0.097114168108
13.049500465;-0.10184262693
13.099499702;-0.10644419491
13.149499893;-0.11008311808
13.199500084;-0.11156953126
13.249500275;-0.11211626232
13.299500465;-0.11234280467
13.349499702;-0.11152333021
13.399499893;-0.10968599468
13.449500084;-0.10774496943
13.499500275;-0.10418911278
13.549500465;-0.1011062637
13.599499702;-0.096568033099
13.649499893;-0.094368733466
13.699500084;-0.089872144163
13.749500275;-0.087786614895
13.799500465;-0.085862249136
13.849499702;-0.086026720703
13.899499893;-0.085423901677
13.949500084;-0.088191963732
13.999500275;-0.091712340713
14.049500465;-0.094176538289
14.099499702;-0.099253743887
14.149499893;-0.10461554676
14.199500084;-0.10939314216
14.249500275;-0.11469240487
14.299500465;-0.11885064095
14.349499702;-0.12227689475
14.399499893;-0.12545013428
14.449500084;-0.12763436139
14.499500275;-0.12849280238
14.549500465;-0.12700511515
14.599499702;-0.12420509756
14.649499893;-0.12094202638
14.699500084;-0.11677252501
14.749500275;-0.11041846871
14.799500465;-0.10442938656
14.849499702;-0.097376823425
14.899499893;-0.091324940324
14.949500084;-0.08506835252
14.999500275;-0.078336000443
15.049500465;-0.073244698346
15.099499702;-0.069954641163
15.149499893;-0.068642385304
15.199500084;-0.069086275995
15.249500275;-0.070707544684
15.299500465;-0.073662422597
15.349499702;-0.077555775642
15.399499893;-0.080983303487
15.449500084;-0.085636049509
15.499500275;-0.088843248785
15.549500465;-0.091880731285
15.599499702;-0.09418477118
15.649499893;-0.097188405693
15.699500084;-0.097937770188
15.749500275;-0.098684452474
15.799500465;-0.098728269339
15.849499702;-0.097565762699
15.899499893;-0.094732195139
15.949500084;-0.093182146549
15.999500275;-0.08951190114
16.049499512;-0.083786070347
16.099500656;-0.079170674086
16.149499893;-0.074604094028
16.19949913;-0.071577757597
16.249500275;-0.068432591856
16.299499512;-0.066428333521
16.349500656;-0.065492548048
16.399499893;-0.066265821457
16.44949913;-0.068154782057
16.499500275;-0.071650646627
16.549499512;-0.074378736317
16.599500656;-0.077431179583
16.649499893;-0.08222425729
16.69949913;-0.086443342268
16.749500275;-0.089715898037
16.799499512;-0.093759186566
16.849500656;-0.097684703767
16.899499893;-0.099794127047
16.94949913;-0.099972516298
16.999500275;-0.098839409649
17.049499512;-0.098239950836
17.099500656;-0.096625909209
17.149499893;-0.094497509301
17.19949913;-0.091081544757
17.249500275;-0.085586309433
17.299499512;-0.082389980555
17.349500656;-0.07972779125
17.399499893;-0.076418466866
17.44949913;-0.073464520276
17.499500275;-0.071275509894
17.549499512;-0.070790827274
17.599500656;-0.070978604257
17.649499893;-0.071961447597
17.69949913;-0.074564747512
17.749500275;-0.078356750309
17.799499512;-0.082618556917
17.849500656;-0.085982754827
17.899499893;-0.089939676225
17.94949913;-0.092677861452
17.999500275;-0.095850922167
18.049499512;-0.098768249154
18.099500656;-0.10110569745
18.149499893;-0.10273385793
18.19949913;-0.10297950357
18.249500275;-0.10192979127
18.299499512;-0.10028040409
18.349500656;-0.097631186247
18.399499893;-0.093724474311
18.44949913;-0.089817002416
18.499500275;-0.086206838489
18.549499512;-0.08203099668
18.599500656;-0.077916644514
18.649499893;-0.075037248433
18.69949913;-0.071647785604
18.749500275;-0.068574145436
18.799499512;-0.065176233649
18.849500656;-0.062847301364
18.899499893;-0.061504337937
18.94949913;-0.059790641069
18.999500275;-0.058775831014
19.049499512;-0.057654667646
19.099500656;-0.058278333396
19.149499893;-0.059416130185
19.19949913;-0.060558520257
19.249500275;-0.06386167556
19.299499512;-0.069073423743
19.349500656;-0.072402589023
19.399999619;-0.074046835303
19.450000763;-0.075644381344
19.5;-0.075371727347
19.549999237;-0.07283103466
19.600000381;-0.070735946298
19.649999619;-0.068036824465
19.700000763;-0.064032532275
19.75;-0.05953328684
19.799999237;-0.055163983256
19.850000381;-0.051198475063
19.899999619;-0.047285139561
19.950000763;-0.0439398624
20.0;-0.040850397199
20.049999237;-0.038363136351
20.100000381;-0.036966327578
20.149999619;-0.036649253219
20.200000763;-0.037930976599
20.25;-0.040771134198
20.299999237;-0.044717628509
20.350000381;-0.048121433705
20.399999619;-0.05150821805
20.450000763;-0.054894249886
20.5;-0.059109508991
20.549999237;-0.063198804855
20.600000381;-0.065847083926
20.649999619;-0.067548878491
20.700000763;-0.068262673914
20.75;-0.067738331854
20.799999237;-0.065758801997
20.850000381;-0.063034571707
20.899999619;-0.059221513569
20.950000763;-0.056164011359
21.0;-0.053128421307
21.049999237;-0.050241734833
21.100000381;-0.045629706234
21.149999619;-0.04194059968
21.200000763;-0.039639368653
21.25;-0.036472242326
21.299999237;-0.034503318369
21.350000381;-0.034756094217
21.399999619;-0.036410234869
21.450000763;-0.038754437119
21.5;-0.04169434309
21.549999237;-0.046130474657
21.600000381;-0.049041751772
21.649999619;-0.052791211754
21.700000763;-0.056438080966
21.75;-0.059565797448
21.799999237;-0.062305577099
21.850000381;-0.063343137503
21.899999619;-0.062807895243
21.950000763;-0.063097186387
22.0;-0.06418260932
22.049999237;-0.064849205315
22.100000381;-0.062776625156
22.149999619;-0.060101032257
22.200000763;-0.057795204222
22.25;-0.054302800447
22.299999237;-0.049693543464
22.350000381;-0.046598978341
22.399999619;-0.04427902773
22.450000763;-0.040673285723
22.5;-0.037059344351
22.549999237;-0.035922415555
22.600000381;-0.036664195359
22.649999619;-0.037507619709
22.700000763;-0.038297083229
22.75;-0.039105143398
22.799999237;-0.04131789133
22.850000381;-0.043544303626
22.899999619;-0.045586444438
22.950000763;-0.047863580287
23.0;-0.050163112581
23.049999237;-0.050988290459
23.100000381;-0.049968827516
23.149999619;-0.047101330012
23.200000763;-0.043710097671
23.25;-0.038804929703
23.299999237;-0.034261189401
23.350000381;-0.034608867019
23.399999619;-0.032083448023
23.450000763;-0.028521515429
23.5;-0.026332108304
23.549999237;-0.023843877017
23.600000381;-0.020381944254
23.649999619;-0.01814231649
23.700000763;-0.015666596591
23.75;-0.01286139898
23.799999237;-0.011497165076
23.850000381;-0.011650226079
23.899999619;-0.011709108017
23.950000763;-0.012279411778
24.0;-0.013227948919
24.049999237;-0.014781564474
24.100000381;-0.016871383414
24.149999619;-0.018654678017
24.200000763;-0.019512936473
24.25;-0.02104642801
24.299999237;-0.023007493466
24.350000381;-0.023872237653
24.399999619;-0.025010783225
24.450000763;-0.026497682557
24.5;-0.026906684041
24.549999237;-0.027509447187
24.600000381;-0.026948830113
24.649999619;-0.025113249198
24.700000763;-0.023165253922
24.75;-0.021610705182
24.799999237;-0.019731165841
24.850000381;-0.01761906594
24.899999619;-0.01536620222
24.950000763;-0.013516177423
25.0;-0.011767258868
25.049999237;-0.010590268299
25.100000381;-0.010057452135
25.149999619;-0.0097375521436
25.200000763;-0.010104727
25.25;-0.0097733689472
25.299999237;-0.0091416733339
25.350000381;-0.010503339581
25.399999619;-0.012415003963
25.450000763;-0.013955000788
25.5;-0.015487011522
25.549999237;-0.017551098019
25.600000381;-0.018993902951
25.649999619;-0.020765570924
25.700000763;-0.022877870128
25.75;-0.021630676463
25.799999237;-0.020694194362
25.850000381;-0.020606976002
25.899999619;-0.018327243626
25.950000763;-0.01655103825
26.0;-0.013459874317
26.049999237;-0.011452877894
26.100000381;-0.0090305805206
26.149999619;-0.0056137177162
26.200000763;-0.0035748025402
26.25;-0.0026309229434
26.299999237;0.00024323818798
26.350000381;0.0020356173627
26.399999619;-0.00013474118896
26.450000763;-0.0020612478256
26.5;-0.00025673030177
26.549999237;0.0020116162486
26.600000381;-0.00020299659809
26.649999619;-0.004116196651
26.700000763;-0.0032800717745
26.75;-0.002171935048
26.799999237;-0.0060346866958
26.850000381;-0.010242511518
26.899999619;-0.010120143183
26.950000763;-0.010765219107
27.0;-0.014256643131
27.049999237;-0.015283547342
27.100000381;-0.014192334376
27.149999619;-0.014042797498
27.200000763;-0.01392074395
27.25;-0.012600522488
27.299999237;-0.010485972278
27.350000381;-0.0083792451769
27.399999619;-0.0065379440784
27.450000763;-0.0046154726297
27.5;-0.0024873155635
27.549999237;-0.0011017064098
27.600000381;-0.00096772209508
27.649999619;-0.0010114954785
27.700000763;-0.0011769264238
27.75;-0.0015012574149
27.799999237;-0.0011449363083
27.850000381;-0.00049083249178
27.899999619;-0.0014409123687
27.950000763;-0.0031129852869
28.0;-0.0043554212898
28.049999237;-0.0062402235344
28.100000381;-0.0090776057914
28.149999619;-0.0097782611847
28.200000763;-0.0092671178281
28.25;-0.010631222278
28.299999237;-0.012264302932
28.350000381;-0.010811123997
28.399999619;-0.010136445053
28.450000763;-0.010057459585
28.5;-0.009188497439
28.549999237;-0.0083455787972
28.600000381;-0.0085300887004
28.649999619;-0.0081862984225
28.700000763;-0.0063264016062
28.75;-0.0058799125254
28.799999237;-0.0058096991852
28.850000381;-0.0041058729403
28.899999619;-0.0029761553742
28.950000763;-0.0030692920554
29.0;-0.0023457894567
29.049999237;-0.00025421395549
29.100000381;-0.00013782773749
29.149999619;-0.0025648833252
29.200000763;-0.0027393810451
29.25;-0.0015500724548
29.299999237;-0.0025906919036
29.350000381;-0.0041015441529
29.399999619;-0.0048128068447
29.450000763;-0.0060874931514
29.5;-0.0056144138798
29.549999237;-0.0033560234588
29.600000381;-0.002357554622
29.649999619;-0.00060097523965
29.700000763;0.00079944374738
29.75;0.00048408130533
29.799999237;-0.00070750719169
29.850000381;-0.00061845086748
29.899999619;0.0005900511751
29.950000763;0.00073051318759
30.0;-0.0004513123713
30.049999237;-0.00081622623838
30.100000381;0.00029629495111
30.149999619;0.00087249849457
30.200000763;-0.00013059034245
30.25;-0.00089730019681
30.299999237;-3.9824608393e-05
30.350000381;0.00088973669335
30.399999619;0.00020880310331
30.450000763;-0.00085008086171
30.5;-0.0003912539687
30.549999237;5.3402000049e-05
30.600000381;-0.0014540822012
30.649999619;-0.0028844554909
30.700000763;-0.002069009468
30.75;-0.0017720253672
30.799999237;-0.0041745468043
30.850000381;-0.0055458350107
30.899999619;-0.0040886830539
30.950000763;-0.0045197438449
31.0;-0.0073491195217
31.049999237;-0.0080126971006
31.100000381;-0.0068097454496
31.149999619;-0.0077998735942
31.200000763;-0.0098567930982
31.25;-0.008773278445
31.299999237;-0.006937594153
31.350000381;-0.0077242236584
31.399999619;-0.0077771204524
31.450000763;-0.0050866515376
31.5;-0.0040367287584
31.549999237;-0.0047984654084
31.600000381;-0.0040525370277
31.649999619;-0.0024578634184
31.700000763;-0.0032000099309
31.75;-0.0046149073169
31.799999237;-0.0049170204438
31.850000381;-0.0055239861831
31.899999619;-0.0067259846255
31.950000763;-0.0073565808125
32.0;-0.0074853519909
32.049999237;-0.0089714825153
32.099998474;-0.010881207883
32.150001526;-0.011216592044
32.200000763;-0.011400088668
32.25;-0.012186903507
32.299999237;-0.0120285796
32.349998474;-0.011323354207
32.400001526;-0.01131782122
32.450000763;-0.011969654821
32.5;-0.011898434721
32.549999237;-0.010096129961
32.599998474;-0.0091655757278
32.650001526;-0.0099412146956
32.700000763;-0.0080999927595
32.75;-0.0055221426301
32.799999237;-0.0073776082136
32.849998474;-0.0078227054328
32.900001526;-0.0043368809856
32.950000763;-0.0050565320998
33.0;-0.0076076313853
33.049999237;-0.0068793827668
33.099998474;-0.0053478619084
33.150001526;-0.0055512515828
33.200000763;-0.0043785898015
33.25;-0.0009717818466
33.299999237;-0.0021214892622
33.349998474;-0.0040128557011
33.400001526;-0.0010383985937
33.450000763;0.00067906046752
33.5;-0.00017995394592
33.549999237;-0.00074529193807
33.599998474;2.6851154189e-08
33.650001526;-0.0001804537751
33.700000763;-0.0015771236503
33.75;-0.0015118365409
33.799999237;-0.000367267814
33.849998474;0.00068359501893
33.900001526;0.00040612142766
33.950000763;-0.00060646457132
34.0;-0.00052130100084
34.049999237;0.00050745927729
34.099998474;0.00061767746229
34.150001526;-0.00039015017683
34.200000763;-0.00069177465048
34.25;0.00025876855943
34.299999237;0.00074091990246
34.349998474;-0.00011805329996
34.400001526;-0.00076334056212
34.450000763;-2.6920080927e-05
34.5;0.00075822789222
34.549999237;0.0001709224598
34.599998474;-0.0007768276846
34.650001526;-0.0010961596854
34.700000763;-0.001366298995
34.75;-0.0020695016719
34.799999237;-0.0030578954611
34.849998474;-0.0044488860294
34.900001526;-0.0060273054987
34.950000763;-0.0071006896906
35.0;-0.0070775281638
35.049999237;-0.007628893014
35.099998474;-0.0098334280774
35.150001526;-0.011447009631
35.200000763;-0.011023778468
35.25;-0.010795126669
35.299999237;-0.011696671136
35.349998474;-0.012484907173
35.400001526;-0.011529244483
35.450000763;-0.010791108012
35.5;-0.010466438718
35.549999237;-0.00941423513
35.599998474;-0.0076692113653
35.650001526;-0.0067659588531
35.700000763;-0.0065538757481
35.75;-0.0068433992565
35.799999237;-0.0075616249815
35.849998474;-0.0086882635951
35.900001526;-0.0098692504689
35.950000763;-0.011249056086
36.0;-0.012808580883
36.049999237;-0.013835241087
36.099998474;-0.014676130377
36.150001526;-0.016048436984
36.200000763;-0.01705767028
36.25;-0.017179528251
36.299999237;-0.017173763365
36.349998474;-0.017349420115
36.400001526;-0.017098087817
36.450000763;-0.016146477312
36.5;-0.015043551102
36.549999237;-0.014457104728
36.599998474;-0.014589576982
36.650001526;-0.014393270016
36.700000763;-0.012978543527
36.75;-0.012122580782
36.799999237;-0.012795289047
36.849998474;-0.012395428494
36.900001526;-0.011854122393
36.950000763;-0.011103625409
37.0;-0.011037290096
37.049999237;-0.011714140885
37.099998474;-0.010697819293
37.150001526;-0.010676905513
37.200000763;-0.012977088802
37.25;-0.010904701427
37.299999237;-0.0073154028505
37.349998474;-0.0063736019656
37.400001526;-0.0037860430311
37.450000763;-0.0019328733906
37.5;-0.0039416495711
37.549999237;-0.0029661047738
37.599998474;0.0014051017351
37.650001526;0.0026008684654
37.700000763;-0.00091223669006
37.75;-0.0027741203085
37.799999237;0.00038537671207
37.849998474;0.0028473108541
37.900001526;0.00015538360458
37.950000763;-0.0028178005014
38.0;-0.00069053930929
38.049999237;0.002686653519
38.099998474;0.0012007876066
38.149501801;-0.0024370721076
38.199501038;-0.0017016398488
38.249500275;0.0021138971206
38.299499512;0.0021031105425
38.349498749;-0.0017144752201
38.399501801;-0.0024287230335
38.449501038;0.0012532129185
38.499500275;0.002666732762
38.549499512;-0.0007467479445
38.599498749;-0.0028085550293
38.649501801;0.00021334811754
38.699501038;0.0028323966544
38.749500275;-0.00081905029947
38.799499512;-0.0054691587575
38.849498749;-0.0051735024899
38.899501801;-0.0057239225134
38.949501038;-0.0090217981488
38.999500275;-0.0095481285825
39.049499512;-0.010094615631
39.099498749;-0.013795685954
39.149501801;-0.015301331878
39.199501038;-0.014928426594
39.249500275;-0.016615755856
39.299499512;-0.017395505682
39.349498749;-0.015963757411
39.399501801;-0.015452752821
39.449501038;-0.015945229679
39.499500275;-0.014953007922
39.549499512;-0.01355115138
39.599498749;-0.012558074668
39.649501801;-0.011546874419
39.699501038;-0.010734302923
39.749500275;-0.010517420247
39.799499512;-0.010943202302
39.849498749;-0.012799070217
39.899501801;-0.015253951773
39.949501038;-0.016029758379
39.999500275;-0.016680384055
40.049499512;-0.017882382497
40.099498749;-0.01892897673
40.149501801;-0.019786208868
40.199501038;-0.021241644397
40.249500275;-0.02273469232
40.299499512;-0.024016313255
40.349498749;-0.025711512193
40.399501801;-0.026061581448
40.449501038;-0.025535125285
40.499500275;-0.02521308884
40.549499512;-0.025015538558
40.599498749;-0.024278547615
40.649501801;-0.023434737697
40.699501038;-0.023058533669
40.749500275;-0.022468151525
40.799499512;-0.022196084261
40.849498749;-0.02282558009
40.899501801;-0.023285867646
40.949501038;-0.022447757423
40.999500275;-0.022345397621
41.049499512;-0.022354274988
41.099498749;-0.022210970521
41.149501801;-0.022130601108
41.199501038;-0.02349630557
41.249500275;-0.024000063539
41.299499512;-0.023189092055
41.349498749;-0.023115353659
41.399501801;-0.024687299505
41.449501038;-0.025683291256
41.499500275;-0.027203481644
41.549499512;-0.030065538362
41.599498749;-0.0303595718
41.649501801;-0.030399672687
41.699501038;-0.028376955539
41.749500275;-0.024133546278
41.799499512;-0.021331373602
41.849498749;-0.020681822672
41.899501801;-0.018495522439
41.949501038;-0.014629253186
41.999500275;-0.010117131285
42.049499512;-0.0064899148419
42.099498749;-0.0042875851505
42.149501801;-0.00038985384163
42.199501038;0.00076582882321
42.249500275;-0.00074051995762
42.299499512;-0.0011717193993
42.349498749;0.00051798741333
42.399501801;0.001268415479
42.449501038;-0.0010305156466
42.499500275;-0.0056908694096
42.549499512;-0.0098691992462
42.599498749;-0.012849495746
42.649501801;-0.01351123862
42.699501038;-0.014970974065
42.749500275;-0.016737932339
42.799499512;-0.018684692681
42.849498749;-0.020836047828
42.899501801;-0.021635090932
42.949501038;-0.022206788883
42.999500275;-0.023486275226
43.049499512;-0.025108091533
43.099498749;-0.027157898992
43.149501801;-0.027340751141
43.199501038;-0.027461322024
43.249500275;-0.028112230822
43.299499512;-0.028641516343
43.349498749;-0.028745308518
43.399501801;-0.028885168955
43.449501038;-0.02932154946
43.499500275;-0.030261492357
43.549499512;-0.030401084572
43.599498749;-0.02941086702
43.649501801;-0.029207427055
43.699501038;-0.028979228809
43.749500275;-0.028633471578
43.799499512;-0.029677128419
43.849498749;-0.030912669376
43.899501801;-0.03176401183
43.949501038;-0.033734895289
43.999500275;-0.03512281552
44.049499512;-0.036712061614
44.099498749;-0.038537409157
44.149501801;-0.039704788476
44.199501038;-0.040451731533
44.249500275;-0.040008503944
44.299499512;-0.039359144866
44.349498749;-0.038953285664
44.399501801;-0.036890085787
44.449501038;-0.036830663681
44.499500275;-0.037958014756
44.549499512;-0.036960605532
44.599498749;-0.035720251501
44.649501801;-0.035132911056
44.699501038;-0.035299535841
44.749500275;-0.034452307969
44.799499512;-0.033482275903
44.849498749;-0.033328521997
44.899501801;-0.03471140191
44.949501038;-0.034902468324
44.999500275;-0.03557581082
45.049499512;-0.037269767374
45.099498749;-0.039516653866
45.149501801;-0.040056768805
45.199501038;-0.040282499045
45.249500275;-0.042118083686
45.299499512;-0.043532341719
45.349498749;-0.044935368001
45.399501801;-0.04686960578
45.449501038;-0.047677084804
45.499500275;-0.049053285271
45.549499512;-0.049982067198
45.599498749;-0.049408685416
45.649501801;-0.048124384135
45.699501038;-0.046252626926
45.749500275;-0.046961136162
45.799499512;-0.046651013196
45.849498749;-0.04598550871
45.899501801;-0.045405194163
45.949501038;-0.044057756662
45.999500275;-0.042345616966
46.049499512;-0.042747557163
46.099498749;-0.043634526432
46.149501801;-0.044146589935
46.199501038;-0.044709745795
46.249500275;-0.045578952879
46.299499512;-0.045142143965
46.349498749;-0.044894713908
46.399501801;-0.045996736735
46.449501038;-0.046409543604
46.499500275;-0.044788073748
46.549499512;-0.042257595807
46.599498749;-0.039148323238
46.649501801;-0.036522097886
46.699501038;-0.033133462071
46.749500275;-0.029142109677
46.799499512;-0.024446107447
46.849498749;-0.018201893196
46.899501801;-0.012441813946
46.949501038;-0.0056663523428
46.999500275;0.00098886003252
47.049499512;0.0044777183793
47.099498749;-0.00013845326612
47.149501801;-0.0045040133409
47.199501038;-0.00071694748476
47.249500275;0.0043678511865
47.299499512;0.0015464882599
47.349498749;-0.0040741423145
47.399501801;-0.0023202479351
47.449501038;0.003633481916
47.499500275;0.0030103176832
47.549499512;-0.0030617632437
47.599498749;-0.0035918066278
47.649501801;0.0023796085734
47.699501038;0.0040437411517
47.749500275;-0.0016116226325
47.799499512;-0.0043498198502
47.849498749;0.00078550627222
47.899501801;0.0044990032911
47.949501038;6.8942899816e-05
47.999500275;-0.0044859093614
48.049499512;-0.00092090532416
48.099498749;0.0043110116385
48.149501801;0.0017396511976
48.199501038;-0.0039806175046
48.249500275;-0.0024956488051
48.299499512;0.0035066446289
48.349498749;0.0031616294291
48.399501801;-0.0029061890673
48.449501038;-0.0037135719322
48.499500275;0.0022009087261
48.549499512;0.0041315676644
48.599498749;-0.0014162427979
48.649501801;-0.0044005401433
48.699501038;0.00058049371
48.749500275;0.0045107873157
48.799499512;0.00027619348839
48.849498749;-0.0044583329
48.899501801;-0.001122918562
48.949501038;0.0042450684123
48.999500275;0.0019291405333
49.049499512;-0.0038786868099
49.099498749;-0.0026657793205
49.149501801;0.0033724028617
49.199501038;0.0033062649891
49.249500275;-0.0027444781736
49.299499512;-0.0038274952676
49.349498749;0.0020175613463
49.399501801;0.004210670013
49.449501038;-0.0012178724864
49.499500275;-0.0044419676997
49.549499512;0.00037425541086
49.599498749;0.0045130462386
49.649501801;0.0004828608362
49.699501038;-0.0044213416986
49.749500275;-0.0013225605944
49.799499512;0.0041701612063
49.849498749;0.0021145562641
49.899501801;-0.0037685655989
49.949501038;-0.0028302809224
49.999500275;0.0032310395036
50.049499512;0.0034439188894
50.099498749;-0.0025769716594
50.149501801;-0.0039333365858
50.199501038;0.0018299537478
50.249500275;0.0042808805592
50.299499512;-0.0010169303278
50.349498749;-0.0044740154408
50.399501801;0.0001672267681
50.449501038;0.0045057754032
50.499500275;0.00068850856042
50.549499512;-0.0043750139885
50.599498749;-0.0015194097068
50.649501801;0.0040864483453
50.699501038;0.0022955066524
50.749500275;-0.0036504862364
50.799499512;-0.0029888057616
50.849498749;0.0030828532763
50.899501801;0.0035743000917
50.949501038;-0.0024040234275
50.999500275;-0.0040308716707
51.049499512;0.0016384817427
51.099498749;0.0043420512229
51.149501801;-0.00081384077203
51.199501038;-0.0044966158457
51.249500275;-4.0154987801e-05
51.299499512;0.0044889897108
51.349498749;0.00089270237368
51.399501801;-0.004319448024
51.449501038;-0.0017130504129
51.499500275;0.0039941058494
51.549499512;0.0024716097396
51.599498749;-0.0035246985499
51.649501801;-0.0031410192605
51.699501038;0.002928157337
51.749500275;0.0036971338559
51.799499512;-0.0022259987891
51.849498749;-0.004119894933
51.899501801;0.0014435497578
51.949501038;0.0043940534815
51.999500275;-0.00060903269332
52.049499512;-0.0045097204857
52.099498749;-0.00024745194241
52.149501801;0.0044627245516
52.199501038;0.0010950111318
52.249500275;-0.0042547606863
52.299499512;-0.0019030737458
52.349498749;0.0038933292963
52.399501801;0.002642493695
52.449501038;-0.0033914679661
52.499500275;-0.0032866001129
52.549499512;0.0027672778815
52.599498749;0.0038121605758
52.649501801;-0.0020432737656
52.699501038;-0.0042002182454
52.749500275;0.0012455695542
52.799499512;0.0044367765076
52.849498749;-0.00040293851634
52.899501801;-0.0045133023523
52.949501038;-0.00045422636322
52.999500275;0.0044270358048
53.049499512;0.0012950075325
53.099498749;-0.004181088414
53.149501801;-0.0020890785381
53.199501038;0.0037843314931
53.249500275;0.0028077973984
53.299499512;-0.0032510755118
53.349498749;-0.0034252405167
53.399501801;0.0026005550753
53.449501038;0.0039191371761
53.499500275;-0.0018562338082
53.549499512;-0.0042716725729
53.599498749;0.00096461031353
53.649501801;0.0034981553908
53.699501038;-0.0017497566296
53.749500275;-0.0047160452232
53.799499512;-0.00018758016813
53.849498749;0.0030137344729
53.899501801;-0.00061717367498
53.949501038;-0.0036391345784
53.999500275;-0.00060427398421
54.049499512;0.0025236574002
54.099498749;-0.00039110248326
54.149501801;-0.0037909261882
54.199501038;-0.0012516198913
54.249500275;0.0022263126448
54.299499512;7.042154175e-05
54.349498749;-0.0038114530034
54.399501801;-0.0024688635021
54.449501038;0.00091971404618
54.499500275;-0.00063596386462
54.549499512;-0.0046680029482
54.599498749;-0.0040289033204
54.649501801;-0.0015602111816
54.699501038;-0.0032144922297
54.749500275;-0.0055483588949
54.799499512;-0.0041819657199
54.849498749;-0.0024759543594
54.899501801;-0.0043663745746
54.949501038;-0.0066410670988
54.999500275;-0.005718533881
55.049499512;-0.0052555799484
55.099498749;-0.0070908013731
55.149501801;-0.0088538955897
55.199501038;-0.0092209568247
55.249500275;-0.0092395059764
55.299499512;-0.010289189406
55.349498749;-0.011255868711
55.399501801;-0.011255477555
55.449501038;-0.011377771385
55.499500275;-0.01160642691
55.549499512;-0.010670518503
55.599498749;-0.0088595328853
55.649501801;-0.0076043005101
55.699501038;-0.0068803164177
55.749500275;-0.0053852275014
55.799499512;-0.0041167116724
55.849498749;-0.0058604204096
55.899501801;-0.0075462879613
55.949501038;-0.0068054790609
55.999500275;-0.0070466022007
56.049499512;-0.0099410694093
56.099498749;-0.011267695576
56.149501801;-0.010034400038
56.199501038;-0.010847192258
56.249500275;-0.013665681705
56.299499512;-0.014004104771
56.349498749;-0.012381835841
56.399501801;-0.012841596268
56.449501038;-0.014777840115
56.499500275;-0.014212395065
56.549499512;-0.012971353717
56.599498749;-0.01364701055
56.649501801;-0.014566717669
56.699501038;-0.01482169982
56.749500275;-0.014952735975
56.799499512;-0.015053739771
56.849498749;-0.015601584688
56.899501801;-0.015880653635
56.949501038;-0.016147071496
56.999500275;-0.016318952665
57.049499512;-0.016642864794
57.099498749;-0.017110720277
57.149501801;-0.017128426582
57.199501038;-0.017276359722
57.249500275;-0.018947158009
57.299499512;-0.020318413153
57.349498749;-0.019937232137
57.399501801;-0.01998828724
57.449501038;-0.020856715739
57.499500275;-0.021901080385
57.549499512;-0.022290511057
57.599498749;-0.021899349988
57.649501801;-0.02206714265
57.699501038;-0.022399488837
57.749500275;-0.022352183238
57.799499512;-0.021977396682
57.849498749;-0.021236695349
57.899501801;-0.020273149014
57.949501038;-0.019531842321
57.999500275;-0.019936967641
58.049499512;-0.020960323513
58.099498749;-0.020522840321
58.149501801;-0.019967675209
58.199501038;-0.020617175847
58.249500275;-0.021235035732
58.299499512;-0.021608348936
58.349498749;-0.023212367669
58.399501801;-0.024560764432
58.449501038;-0.025129662827
58.499500275;-0.025979382917
58.549499512;-0.027102623135
58.599498749;-0.027228057384
58.649501801;-0.027369877324
58.699501038;-0.028143547475
58.749500275;-0.028656281531
58.799499512;-0.029703637585
58.849498749;-0.031386606395
58.899501801;-0.032875321805
58.949501038;-0.034316897392
58.999500275;-0.035304199904
59.049499512;-0.035981565714
59.099498749;-0.036523453891
59.149501801;-0.037505093962
59.199501038;-0.03835541755
59.249500275;-0.038783740252
59.299499512;-0.039366163313
59.349498749;-0.039251822978
59.399501801;-0.038776807487
59.449501038;-0.037970378995
59.499500275;-0.037034314126
59.549499512;-0.037719558924
59.599498749;-0.037338778377
59.649501801;-0.036657094955
59.699501038;-0.037392921746
59.749500275;-0.038213439286
59.799499512;-0.03831474483
59.849498749;-0.039211161435
59.899501801;-0.041673362255
59.949501038;-0.043139692396
59.999500275;-0.04348391667
60.049499512;-0.043247506022
60.099498749;-0.042678065598
60.149501801;-0.041142217815
60.199501038;-0.039916023612
60.249500275;-0.040385849774
60.299499512;-0.040681045502
60.349498749;-0.039513401687
60.399501801;-0.038552489132
60.449501038;-0.036632213742
60.499500275;-0.032744225115
60.549499512;-0.030891476199
60.599498749;-0.03272818774
60.649501801;-0.033173054457
60.699501038;-0.03303187713
60.749500275;-0.03265664354
60.799499512;-0.03235354647
60.849498749;-0.032358247787
60.899501801;-0.033213425428
60.949501038;-0.034583956003
60.999500275;-0.03535405919
61.049499512;-0.036983910948
61.099498749;-0.039095029235
61.149501801;-0.042123500258
61.199501038;-0.044849742204
61.249500275;-0.046012371778
61.299499512;-0.048177547753
61.349498749;-0.050779674202
61.399501801;-0.052487429231
61.449501038;-0.054733641446
61.499500275;-0.056828893721
61.549499512;-0.057641621679
61.599498749;-0.05718825385
61.649501801;-0.056736785918
61.699501038;-0.05546387285
61.749500275;-0.054072838277
61.799499512;-0.052425239235
61.849498749;-0.051252491772
61.899501801;-0.051572032273
61.949501038;-0.052564073354
61.999500275;-0.053808208555
62.049499512;-0.054728977382
62.099498749;-0.056469824165
62.149501801;-0.057849921286
62.199501038;-0.05941100046
62.249500275;-0.06072710827
62.299499512;-0.062138345093
62.349498749;-0.064333967865
62.399501801;-0.065429016948
62.449501038;-0.06643563509
62.499500275;-0.067935787141
62.549499512;-0.069823488593
62.599498749;-0.070395313203
62.649501801;-0.070955388248
62.699501038;-0.071983985603
62.749500275;-0.072671681643
62.799499512;-0.074216976762
62.849498749;-0.075765714049
62.899501801;-0.078067086637
62.949501038;-0.079011008143
62.999500275;-0.080585025251
63.049499512;-0.081299133599
63.099498749;-0.080920904875
63.149501801;-0.081115953624
63.199501038;-0.081553511322
63.249500275;-0.081332437694
63.299499512;-0.080149196088
63.349498749;-0.079205922782
63.399501801;-0.079112544656
63.449501038;-0.079900242388
63.499500275;-0.080566003919
63.549499512;-0.081147603691
63.599498749;-0.082512371242
63.649501801;-0.085478708148
63.699501038;-0.088423192501
63.749500275;-0.091448813677
63.799499512;-0.09422698617
63.849498749;-0.097146086395
63.899501801;-0.098886311054
63.949501038;-0.10048862547
63.999500275;-0.1023446396
64.049499512;-0.10369630903
64.099502563;-0.10464353859
64.149497986;-0.1044427529
64.199501038;-0.10249194503
64.24949646;-0.10007532686
64.299499512;-0.098851062357
64.349502563;-0.098141752183
64.399497986;-0.096681728959
64.449501038;-0.095146968961
64.49949646;-0.093815639615
64.549499512;-0.093520946801
64.599502563;-0.092733293772
64.649497986;-0.093213200569
64.699501038;-0.095130093396
64.74949646;-0.09572571516
64.799499512;-0.096295513213
64.849502563;-0.096516937017
64.899497986;-0.096982933581
64.949501038;-0.096763633192
64.99949646;-0.09721712023
65.049499512;-0.09925570339
65.099502563;-0.099065244198
65.149497986;-0.099800802767
65.199501038;-0.099711105227
65.24949646;-0.098360642791
65.299499512;-0.097149737179
65.349502563;-0.096298500896
65.399497986;-0.094280928373
65.449501038;-0.091537989676
65.49949646;-0.088292129338
65.549499512;-0.084231212735
65.599502563;-0.080196499825
65.649497986;-0.075292378664
65.699501038;-0.068041212857
65.74949646;-0.061617985368
65.799499512;-0.055616393685
65.849502563;-0.049390152097
65.899497986;-0.042230818421
65.949501038;-0.035362232476
65.99949646;-0.028103103861
66.049499512;-0.020903814584
66.099502563;-0.013977280818
66.149497986;-0.010088803247
66.199501038;-0.015559491701
66.24949646;-0.019988626242
66.299499512;-0.021178504452
66.349502563;-0.024136973545
66.399497986;-0.029237085953
66.449501038;-0.03068202734
66.49949646;-0.032489519566
66.549499512;-0.035036601126
66.599502563;-0.034146819264
66.649497986;-0.034821685404
66.699501038;-0.035289727151
66.74949646;-0.033042598516
66.799499512;-0.032902490348
66.849502563;-0.031610421836
66.899497986;-0.030805047601
66.949501038;-0.030310982838
66.99949646;-0.029820138589
67.049499512;-0.028899595141
67.099502563;-0.0282276012
67.149497986;-0.028195705265
67.199501038;-0.026848778129
67.24949646;-0.027806846425
67.299499512;-0.028895273805
67.349502563;-0.030849276111
67.399497986;-0.032563682646
67.449501038;-0.03421362862
67.49949646;-0.035689201206
67.549499512;-0.036577641964
67.599502563;-0.03892781958
67.649497986;-0.039822351187
67.699501038;-0.041575722396
67.74949646;-0.04198442027
67.799499512;-0.041791725904
67.849502563;-0.04215149954
67.899497986;-0.041373986751
67.949501038;-0.040137898177
67.99949646;-0.037675943226
68.049499512;-0.03540506959
68.099502563;-0.03285991028
68.149497986;-0.03058029525
68.199501038;-0.02931242995
68.24949646;-0.026931844652
68.299499512;-0.024564227089
68.349502563;-0.02159046568
68.399497986;-0.018418261781
68.449501038;-0.016739904881
68.49949646;-0.015997309238
68.549499512;-0.015136801638
68.599502563;-0.01542388089
68.649497986;-0.015854559839
68.699501038;-0.016317585483
68.74949646;-0.018659260124
68.799499512;-0.020385589451
68.849502563;-0.021320132539
68.899497986;-0.023552907631
68.949501038;-0.024294862524
68.99949646;-0.025355003774
69.049499512;-0.025278642774
69.099502563;-0.024252593517
69.149497986;-0.021685579792
69.199501038;-0.018449908122
69.24949646;-0.015251290053
69.299499512;-0.011960254051
69.349502563;-0.0078165540472
69.399497986;-0.0027009241749
69.449501038;0.001866722363
69.49949646;0.0027222177014
69.549499512;-0.0013497197069
69.599502563;-0.0029785558581
69.649497986;0.00078403338557
69.699501038;0.0031274592038
69.74949646;-0.00019006736693
69.799499512;-0.0031635568012
69.849502563;-0.0004107542627
69.899497986;0.0030855464283
69.949501038;0.00099676020909
69.99949646;-0.0028962420765
70.049499512;-0.0015468135243
70.099502563;0.0026024717372
70.149497986;0.0020410742145
70.199501038;-0.0022148317657
70.24949646;-0.0024617142044
70.299499512;0.0017473037587
70.349502563;0.0027935614344
70.399497986;-0.0012167515233
70.449501038;-0.0030246465467
70.49949646;0.00064231164288
70.549499512;0.0031466342043
70.599502563;-4.4703938329e-05
70.649497986;-0.0031551243737
70.699501038;-0.00055451621301
70.74949646;0.0030498108827
70.799499512;0.0011337352917
70.849502563;-0.0028344921302
70.899497986;-0.0016720610438
70.949501038;0.002516934881
70.99949646;0.0021500764415
71.049499512;-0.0021085932385
71.099502563;-0.0025505397934
71.149497986;0.0016241954872
71.199501038;0.002859006403
71.24949646;-0.0010812139371
71.299499512;-0.003064350225
71.349502563;0.00049923354527
71.399497986;0.0031591644511
71.449501038;0.00010075389582
71.49949646;-0.0031400292646
71.549499512;-0.00069710722892
71.599502563;0.0030076350085
71.649497986;0.0012683162931
71.699501038;-0.0027667568065
71.74949646;-0.001793777803
71.799499512;0.0024260831997
71.849502563;0.0022545387037
71.899497986;-0.0019979018252
71.949501038;-0.002633979544
71.99949646;0.0014976573875
72.049499512;0.0029184140731
72.099502563;-0.00094339321367
72.149497986;-0.0030975830741
72.199501038;0.00035510127782
72.24949646;0.0031650236342
72.299499512;0.00024599896278
72.349502563;-0.0031183036044
72.399497986;-0.00083822617307
72.449501038;0.0029591079801
72.49949646;0.0014002189273
72.549499512;-0.0026931788307
72.599502563;-0.0019117066404
72.649497986;0.0023301083129
72.699501038;0.002354240045
72.74949646;-0.0018829917535
72.799499512;-0.0027118572034
72.849502563;0.0013679567492
72.899497986;0.0029716589488
72.949501038;-0.00080358033301
72.99949646;-0.0031242747791
73.049499512;0.00021021912107
73.099502563;0.0031641994137
73.149497986;0.00039072457002
73.199501038;-0.0030899932608
73.24949646;-0.00097757508047
73.299499512;0.0029043324757
73.349502563;0.0015291648451
73.399497986;-0.0026139139663
73.449501038;-0.0020255986601
73.49949646;0.0022292130161
73.549499512;0.0024489699863
73.599502563;-0.0017641054001
73.649497986;-0.0027840081602
73.699501038;0.0012353674974
73.74949646;0.0030186288059
73.799499512;-0.00066207058262
73.849502563;-0.003144368995
73.899497986;6.4893058152e-05
73.949501038;0.0031566934194
73.99949646;0.00053462514188
74.049499512;-0.0030551576056
74.099502563;-0.001114859595
74.149497986;0.0028434239794
74.199501038;0.0016548817512
74.24949646;-0.0025291293859
74.299499512;-0.0021352132317
74.349502563;0.0021236103494
74.399497986;0.0025385285262
74.449501038;-0.0016414938727
74.49949646;-0.002850280609
74.549499512;0.0011001696112
74.599502563;0.0030592242256
74.649497986;-0.00051916274242
74.699501038;-0.0031578235794
74.74949646;-8.0570032878e-05
74.799499512;0.0031425217167
74.849502563;0.00067739671795
74.899497986;-0.0030138706788
74.949501038;-0.0012497900752
74.99949646;0.0027765110135
75.049499512;0.0017771041021
75.099502563;-0.0024390041362
75.149497986;-0.002240318805
75.199501038;0.0020135233644
75.24949646;0.0026227266062
75.299499512;-0.0015154160792
75.349502563;-0.0029105339199
75.399497986;0.00096264848253
75.449501038;0.0030933597591
75.49949646;-0.00037515864824
75.549499512;-0.0031646098942
75.599502563;-0.00022586298292
75.649497986;0.0031217138749
75.699501038;0.00081873784075
75.74949646;-0.0029662195593
75.799499512;-0.0013820813037
75.849502563;0.0027037351392
75.899497986;0.0018955736887
75.949501038;-0.0023437284399
75.99949646;-0.0023406937253
76.049499512;0.0018991846591
76.099502563;0.0027013863437
76.149497986;-0.0013861382613
76.199501038;-0.0029646412004
76.24949646;0.00082309456775
76.299499512;0.003120962996
76.349502563;-0.00023036230414
76.399497986;-0.0031647135038
76.449501038;-0.00037067898666
76.49949646;0.0030943141319
76.549499512;0.0009583500796
76.599502563;-0.002912304597
76.649497986;-0.0015114540001
76.699501038;0.0026252497919
76.74949646;0.0020100406837
76.799499512;-0.0022435036954
76.849502563;-0.0024361261167
76.899497986;0.0017808353296
76.949501038;0.0027530030347
76.99949646;-0.001513081952
77.049499512;-0.003434990067
77.099502563;-4.0463786718e-05
77.149497986;0.0016347104684
77.199501038;-0.0018523291219
77.24949646;-0.0045862481929
77.299499512;-0.0023339758627
77.349502563;-0.0014628666686
77.399497986;-0.0058308416046
77.449501038;-0.0087367314845
77.49949646;-0.0069710705429
77.549499512;-0.0068317926489
77.599502563;-0.010607011616
77.649497986;-0.012622356415
77.699501038;-0.011458450928
77.74949646;-0.011847873218
77.799499512;-0.014425470494
77.849502563;-0.014861391857
77.899497986;-0.013077040203
77.949501038;-0.013458621688
77.99949646;-0.015494172461
78.049499512;-0.015426529571
78.099502563;-0.014683046378
78.149497986;-0.01572233811
78.199501038;-0.016067273915
78.24949646;-0.014068407007
78.299499512;-0.012139185332
78.349502563;-0.011212486774
78.399497986;-0.010433649644
78.449501038;-0.0091958558187
78.49949646;-0.0087871085852
78.549499512;-0.0092745786533
78.599502563;-0.007544782944
78.649497986;-0.0053675239906
78.699501038;-0.0051110917702
78.74949646;-0.0061248266138
78.799499512;-0.0079320464283
78.849502563;-0.009708462283
78.899497986;-0.010379706509
78.949501038;-0.011663868092
78.99949646;-0.014269865118
79.049499512;-0.015862112865
79.099502563;-0.016444656998
79.149497986;-0.017296789214
79.199501038;-0.01793762669
79.24949646;-0.017670616508
79.299499512;-0.017768681049
79.349502563;-0.017673755065
79.399497986;-0.016791880131
79.449501038;-0.016978628933
79.49949646;-0.018567720428
79.549499512;-0.019490998238
79.599502563;-0.019724624231
79.649497986;-0.021029213443
79.699501038;-0.022651344538
79.74949646;-0.023657571524
79.799499512;-0.024970699102
79.849502563;-0.026814157143
79.899497986;-0.028245996684
79.949501038;-0.029427262023
79.99949646;-0.031388580799
80.049499512;-0.033255223185
80.099502563;-0.034577891231
80.149497986;-0.03613030538
80.199501038;-0.038859590888
80.24949646;-0.041197776794
80.299499512;-0.046669229865
80.349502563;-0.059338849038
80.399497986;-0.058498937637
80.449501038;-0.049929734319
80.49949646;-0.067602075636
80.549499512;-0.062326140702
80.599502563;-0.043427113444
80.649497986;-0.060840342194
80.699501038;-0.061125822365
80.74949646;-0.045089516789
80.799499512;-0.038000006229
80.849502563;-0.025922192261
80.899497986;-0.013861708343
80.949501038;-0.01676877588
80.99949646;-0.030336724594
81.049499512;-0.0056495815516
81.099502563;-0.021719241515
81.149497986;-0.032139863819
81.199501038;-0.02436981909
81.24949646;-0.040093574673
81.299499512;-0.023354712874
81.349502563;-0.04817384854
81.399497986;-0.044998761266
81.449501038;-0.044752687216
81.49949646;-0.066754706204
81.549499512;-0.064491130412
81.599502563;-0.062570422888
81.649497986;-0.071923747659
81.699501038;-0.058896619827
81.74949646;-0.067743062973
81.799499512;-0.068251140416
81.849502563;-0.06959720701
81.899497986;-0.07177939266
81.949501038;-0.075464315712
81.99949646;-0.069621600211
82.049499512;-0.068834342062
82.099502563;-0.073945641518
82.149497986;-0.060467638075
82.199501038;-0.057758755982
82.24949646;-0.065395079553
82.299499512;-0.056842517108
82.349502563;-0.064084984362
82.399497986;-0.076294839382
82.449501038;-0.072515934706
82.49949646;-0.058002136648
82.549499512;-0.07519544661
82.599502563;-0.083664730191
82.649497986;-0.085475951433
82.699501038;-0.09158552438
82.74949646;-0.10130038112
82.799499512;-0.10628121346
82.849502563;-0.12193555385
82.899497986;-0.13014234602
82.949501038;-0.11006714404
82.99949646;-0.12100946903
83.049499512;-0.11961307377
83.099502563;-0.11094806343
83.149497986;-0.10264566541
83.199501038;-0.099667042494
83.24949646;-0.10977280885
83.299499512;-0.097981490195
83.349502563;-0.085085518658
83.399497986;-0.064024075866
83.449501038;-0.089792117476
83.49949646;-0.083353877068
83.549499512;-0.070619188249
83.599502563;-0.084521047771
83.649497986;-0.094004772604
83.699501038;-0.089165590703
83.74949646;-0.096858166158
83.799499512;-0.096093542874
83.849502563;-0.099362015724
83.899497986;-0.10874545574
83.949501038;-0.10466173291
83.99949646;-0.10682984442
84.049499512;-0.10705307126
84.099502563;-0.11487771571
84.149497986;-0.14520950615
84.199501038;-0.11413060874
84.24949646;-0.11265666038
84.299499512;-0.11800767481
84.349502563;-0.10908832401
84.399497986;-0.10351640731
84.449501038;-0.09140598774
84.49949646;-0.091808505356
84.549499512;-0.10202846676
84.599502563;-0.085836395621
84.649497986;-0.073037594557
84.699501038;-0.073401972651
84.74949646;-0.042343709618
84.799499512;-0.027833044529
84.849502563;-0.031704824418
84.899497986;-0.023306967691
84.949501038;-0.012591793202
84.99949646;-0.0056222588755
85.049499512;-0.001049427432
85.099502563;-0.015079963021
85.149497986;-0.034646313637
85.199501038;-0.040297940373
85.24949646;-0.033534042537
85.299499512;-0.034149594605
85.349502563;-0.045760333538
85.399497986;-0.038686014712
85.449501038;-0.048211399466
85.49949646;-0.036353785545
85.549499512;-0.035936530679
85.599502563;-0.029196312651
85.649497986;-0.020392719656
85.699501038;-0.00623177737
85.74949646;-0.0081350049004
85.799499512;-0.0038558028173
85.849502563;0.0043352465145
85.899497986;0.0027401368134
85.949501038;-0.0044768974185
85.99949646;-0.0036398104858
86.049499512;0.0037743360735
86.099502563;0.0039967834018
86.149497986;-0.0038878961932
86.199501038;-0.0052277930081
86.24949646;0.0028367131017
86.299499512;0.0048484131694
86.349502563;-0.0061549991369
86.399497986;-0.0092405993491
86.449501038;-0.0084848161787
86.49949646;-0.01795848459
86.549499512;-0.023812811822
86.599502563;-0.026996623725
86.649497986;-0.020252689719
86.699501038;-0.019678387791
86.74949646;-0.023700535297
86.799499512;-0.01795280911
86.849502563;-0.016727562994
86.899497986;-0.010147552937
86.949501038;-0.00081664597383
86.99949646;-9.3973190815e-05
87.049499512;-0.0016823665937
87.099502563;-0.0013361289166
87.149497986;-0.0012974798447
87.199501038;-0.0020436740015
87.24949646;-0.00074528489495
87.299499512;0.00076707900735
87.349502563;-0.00013180036331
87.399497986;-0.0032835814636
87.449501038;-0.0057845059782
87.49949646;-0.00070976244751
87.549499512;0.0042272331193
87.599502563;-0.00072026340058
87.649497986;-0.007549862843
87.699501038;-0.0050232280046
87.74949646;-0.0050541665405
87.799499512;-0.0081278225407
87.849502563;-0.026477593929
87.899497986;-0.026705825701
87.949501038;-0.017212463543
87.99949646;-0.01556783542
88.049499512;0.0018059840659
88.099502563;-0.006965384353
88.149497986;-0.018775867298
88.199501038;0.0015384444268
88.24949646;0.0030615341384
88.299499512;-0.010255623609
88.349502563;-0.0068540698849
88.399497986;0.0050172521733
88.449501038;0.0047537018545
88.49949646;-0.0056572416797
88.549499512;-0.0064348131418
88.599502563;0.0027512796223
88.649497986;0.0054716025479
88.699501038;-0.0019605946727
88.74949646;-0.0075598512776
88.799499512;-0.0025406880304
88.849502563;0.0024592981208
88.899497986;-0.0014100330882
88.949501038;-0.0051621138118
88.99949646;-0.0019218723755
89.049499512;0.0015993100824
89.099502563;-0.00080752460053
89.149497986;-0.009061913006
89.199501038;-0.0082640266046
89.24949646;0.00085151294479
89.299499512;0.0019022296183
89.349502563;-0.01075054612
89.399497986;-0.010329576209
89.449501038;-0.0031964138616
89.49949646;-0.011936490424
89.549499512;-0.0060858526267
89.599502563;0.0010980255902
89.649497986;-0.0033918977715
89.699501038;-0.012350394391
89.74949646;-0.0086034853011
89.799499512;0.0017624299508
89.849502563;0.0044134999625
89.899497986;-0.0026767672971
89.949501038;-0.01056536939
89.99949646;-0.002134882845
90.049499512;0.0084978155792
90.099502563;-0.0021124521736
90.149497986;-0.015237388201
90.199501038;-0.0064258575439
90.24949646;-0.011035556905
90.299499512;-0.02828858979
90.349502563;-0.019566221163
90.399497986;-0.011332709342
90.449501038;-0.020770248026
90.49949646;-0.019908016548
90.549499512;-0.013941378333
90.599502563;-0.011846276931
90.649497986;-0.0039899409749
90.699501038;-0.0045517040417
90.74949646;-0.0030891606584
90.799499512;0.0038964073174
90.849502563;0.0029062300455
90.899497986;-0.0037251906469
90.949501038;-0.0034720476251
90.99949646;0.0033958677668
91.049499512;0.0042434441857
91.099502563;-0.0030836490914
91.149497986;-0.0073618143797
91.199501038;-0.0013357886346
91.24949646;0.0033464417793
91.299499512;0.00043096893933
91.349502563;-0.0036028851755
91.399497986;-0.0030423696153
91.449501038;-0.010209044442
91.49949646;-0.020682305098
91.549499512;-0.007583021652
91.599502563;-0.0059054680169
91.649497986;-0.024830611423
91.699501038;-0.023472309113
91.74949646;-0.021032180637
91.799499512;-0.017758982256
91.849502563;-0.010867436416
91.899497986;-0.0097703710198
91.949501038;-0.0078043588437
91.99949646;-0.0064984196797
92.049499512;-0.0037652878091
92.099502563;0.002724629594
92.149497986;0.0034811615478
92.199501038;-0.0023510016035
92.24949646;-0.0035676695406
92.299499512;0.0016841992037
92.349502563;0.0021547120996
92.399497986;-0.0033461167477
92.449501038;-0.002733563073
92.49949646;0.0015524296323
92.549499512;0.0010061388602
92.599502563;-0.004321929533
92.649497986;-0.0054931002669
92.699501038;-0.0019710573833
92.74949646;-0.0044607599266
92.799499512;-0.0093723824248
92.849502563;-0.012488191016
92.899497986;-0.016079550609
92.949501038;-0.022162787616
92.99949646;-0.019473740831
93.049499512;-0.017400357872
93.099502563;-0.013047070242
93.149497986;-0.012545708567
93.199501038;-0.015529260971
93.24949646;-0.010697378777
93.299499512;-0.0016214021016
93.349502563;-0.0058007030748
93.399497986;-0.0082750311121
93.449501038;0.00051536021056
93.49949646;0.0068944822997
93.549499512;0.00062906299718
93.599502563;-0.0066058635712
93.649497986;-0.0018993000267
93.699501038;0.0052830767818
93.74949646;0.0025132005103
93.799499512;-0.0047184438445
93.849502563;-0.0043584327213
93.899497986;0.00030259595951
93.949501038;-0.00063607876655
93.99949646;-0.0041101872921
94.049499512;-0.0029172718059
94.099502563;-0.0064499955624
94.149497986;-0.014107436873
94.199501038;-0.013496927917
94.24949646;-0.012858555652
94.299499512;-0.015933070332
94.349502563;-0.018690371886
94.399497986;-0.016396466643
94.449501038;-0.015535778366
94.49949646;-0.011307581328
94.549499512;-0.0081186695024
94.599502563;-0.0083157485351
94.649497986;-0.0087978895754
94.699501038;-0.0030147717334
94.74949646;0.0042365672998
94.799499512;0.0024273754098
94.849502563;-0.0040676780045
94.899497986;-0.0028856229037
94.949501038;0.0035182156134
94.99949646;0.0027200847398
95.049499512;-0.0029579442926
95.099502563;-0.0036488946062
95.149497986;-0.000688526663
95.199501038;0.00038778421003
95.24949646;-0.0017976521049
95.299499512;-0.0037561031058
95.349502563;-0.0039426609874
95.399497986;-0.0043796198443
95.449501038;-0.0059290495701
95.49949646;-0.0092574395239
95.549499512;-0.015721963719
95.599502563;-0.017449911684
95.649497986;-0.015133199282
95.699501038;-0.014146411791
95.74949646;-0.011163896881
95.799499512;-0.013305572793
95.849502563;-0.01317472104
95.899497986;-0.0055993734859
95.949501038;-0.0012176568853
95.99949646;-0.004032229539
96.049499512;-0.0067817880772
96.099502563;-0.0020928245503
96.149497986;0.0038758351002
96.199501038;0.0028557640035
96.24949646;-0.0031060851179
96.299499512;-0.0031735687517
96.349502563;0.002408868866
96.399497986;0.0019452689448
96.449501038;-0.0030224649236
96.49949646;-0.0040396819822
96.549499512;-0.0010329540819
96.599502563;0.00065035617445
96.649497986;-0.0019304831512
96.699501038;-0.0063530965708
96.74949646;-0.0068141696975
96.799499512;-0.0025303566363
96.849502563;-0.010858680122
96.899497986;-0.01526121702
96.949501038;-0.0088881077245
96.99949646;-0.012627027929
97.049499512;-0.015448837541
97.099502563;-0.012083129026
97.149497986;-0.010212856345
97.199501038;-0.0095447869971
97.24949646;-0.0072208535857
97.299499512;-0.0043959566392
97.349502563;-0.0012913952814
97.399497986;-0.0011021456448
97.449501038;-0.0012054945109
97.49949646;0.0008836335619
97.549499512;0.0014687182847
97.599502563;-0.00040916117723
97.649497986;-0.001408551936
97.699501038;-0.0014113006182
97.74949646;-0.0017930482281
97.799499512;-0.00096933328314
97.849502563;-0.00066854566103
97.899497986;-0.0018773464253
97.949501038;-0.0031714115757
97.99949646;-0.0027511536609
98.049499512;-0.0019881348126
98.099502563;-0.00441709999
98.149497986;-0.012361737899
98.199501038;-0.013643800281
98.24949646;-0.0070754988119
98.299499512;-0.010085223243
98.349502563;-0.013134078123
98.399497986;-0.011248820461
98.449501038;-0.0091138584539
98.49949646;-0.0064937532879
98.549499512;-0.0071245399304
98.599502563;-0.0040606800467
98.649497986;-0.002202614909
98.699501038;-0.004531047307
98.74949646;-0.0027409670874
98.799499512;0.0023197883274
98.849502563;0.0030612950213
98.899497986;-0.0015475100372
98.949501038;-0.0031390655786
98.99949646;0.0010484488448
99.049499512;0.0019676922821
99.099502563;-0.002476969501
99.149497986;-0.0043101459742
99.199501038;-0.0016179231461
99.24949646;0.0012453920208
99.299499512;-0.001433767844
99.349502563;-0.0047387350351
99.399497986;-0.0053862878121
99.449501038;-0.0059970938601
99.49949646;-0.0071797291748
99.549499512;-0.010134605691
99.599502563;-0.011168185622
99.649497986;-0.0083269346505
99.699501038;-0.0094744963571
99.74949646;-0.01098407805
99.799499512;-0.0069815525785
99.849502563;-0.0061589698307
99.899497986;-0.0066280853935
99.949501038;-0.0028554231394
